OBJECTID,BIOMASS_GRID_ID,MNCPL_SOLID_WASTE_TOTAL_VOL,MNCPL_SOLID_WASTE_ORGANIC_VOL,MNCPL_SOLID_WASTE_PAPER_VOL
1,97373,2176.728317,870.6913268,565.9493624
2,96514,707.4154097,282.9661639,183.9280065
3,96515,47.1615002,18.86460008,12.26199005
4,29748,725.9033133,290.3613253,188.7348615
5,29291,537.8611031,215.1444413,139.8438868
6,14378,743.4721572,297.3888629,193.3027609
7,13979,416.8768385,166.7507354,108.387978
8,13592,1947.124667,778.8498666,506.2524133
9,12834,373.3611869,149.3444748,97.0739086
10,12448,1878.648968,751.4595871,488.4487316
11,12054,2275.999546,910.3998184,591.7598819
12,12055,2365.296511,946.1186043,614.9770928
13,12064,42.1027524,16.84110096,10.94671562
14,10908,1769.262018,707.7048074,460.0081248
15,18614,179.0490966,71.61963864,46.55276511
16,18615,523.8593152,209.5437261,136.203422
17,16687,506.7885782,202.7154313,131.7650303
18,15909,591.9792476,236.791699,153.9146044
19,14017,1205.198964,482.0795855,313.3517306
20,20245,4522.67843,1809.071372,1175.896392
21,20246,9706.422417,3882.568967,2523.669829
22,19836,952.8516671,381.1406669,247.7414335
23,19837,5520.562385,2208.224954,1435.34622
24,17482,755.8348238,302.3339295,196.5170542
25,16709,716.2063143,286.4825257,186.2136417
26,14805,4212.668531,1685.067413,1095.293818
27,32449,513.8823624,205.552945,133.6094142
28,29785,42.256363,16.9025452,10.98665438
29,29327,185.1192603,74.04770414,48.13100769
30,29328,3392.5401,1357.01604,882.0604261
31,25048,9.795980054,3.918392022,2.546954814
32,25049,1373.871008,549.5484032,357.2064621
33,24583,323.6201663,129.4480665,84.14124324
34,24584,2447.094286,978.8377143,636.2445143
35,20663,853.5526186,341.4210475,221.9236808
36,20664,1404.06524,561.6260958,365.0569623
37,2845,1266.947121,506.7788486,329.4062516
38,12491,5586.919077,2234.767631,1452.59896
39,12107,1937.611538,775.0446154,503.779
40,15204,0.021873208,0.008749283,0.005687034
41,15206,215.6547889,86.26191554,56.0702451
42,14817,919.9758287,367.9903315,239.1937155
43,14822,907.6663073,363.0665229,235.9932399
44,14824,1203.605987,481.4423949,312.9375567
45,12128,173.4212627,69.36850506,45.08952829
46,11741,211.5905768,84.63623071,55.01354996
47,7668,591.4762608,236.5905043,153.7838278
48,5937,890.6807733,356.2723093,231.5770011
49,29813,1278.128843,511.2515372,332.3134992
50,27478,2877.906216,1151.162486,748.2556161
51,27479,283.4599765,113.3839906,73.6995939
52,27486,2866.5554,1146.62216,745.304404
53,25574,2330.224385,932.0897539,605.8583401
54,23695,1091.772548,436.7090193,283.8608626
55,23266,649.1006623,259.6402649,168.7661722
56,19874,499.4591967,199.7836787,129.8593911
57,19063,2.492970754,0.997188302,0.648172396
58,18665,722.4158078,288.9663231,187.82811
59,18254,532.2638771,212.9055509,138.3886081
60,18256,13646.18444,5458.473776,3548.007954
61,18257,8604.503828,3441.801531,2237.170995
62,17866,20.50412583,8.201650331,5.331072715
63,17867,8.952995619,3.581198248,2.327778861
64,17870,693.5985566,277.4394227,180.3356247
65,17486,756.6822922,302.6729169,196.737396
66,17117,355.963397,142.3853588,92.55048323
67,28452,576.7525238,230.7010095,149.9556562
68,27976,354.7541803,141.9016721,92.23608688
69,27020,380.7668878,152.3067551,98.99939084
70,27029,1170.78001,468.3120041,304.4028027
71,26544,1382.487669,552.9950676,359.446794
72,26545,63.63499793,25.45399917,16.54509946
73,26548,331.7478817,132.6991527,86.25444925
74,25575,926.1284948,370.4513979,240.7934086
75,24186,417.4225059,166.9690024,108.5298515
76,22834,446.0597687,178.4239075,115.9755399
77,20717,2007.585423,803.0341691,521.9722099
78,38642,939.1005485,375.6402194,244.1661426
79,38229,1321.97301,528.789204,343.7129826
80,38230,337.4761137,134.9904455,87.74378957
81,38236,331.0245574,132.409823,86.06638493
82,37828,3007.267266,1202.906906,781.8894892
83,37423,220.7810099,88.31240398,57.40306259
84,37424,408.8573621,163.5429448,106.3029141
85,37428,39.05917536,15.62367014,10.15538559
86,37032,455.7388965,182.2955586,118.4921131
87,37033,1599.792338,639.9169351,415.9460078
88,36641,35.91411053,14.36564421,9.337668738
89,36642,798.7053635,319.4821454,207.6633945
90,36643,62.84006686,25.13602675,16.33841738
91,36253,530.1612646,212.0645058,137.8419288
92,36254,2216.551388,886.6205551,576.3033608
93,36255,1946.889516,778.7558065,506.1912742
94,36261,491.6955381,196.6782152,127.8408399
95,36262,1492.092667,596.8370669,387.9440935
96,35863,24658.73399,9863.493596,6411.270837
97,35864,6657.909523,2663.163809,1731.056476
98,35465,3668.42706,1467.370824,953.7910355
99,35466,1568.588215,627.435286,407.8329359
100,35467,181.4706027,72.5882411,47.18235671
101,35468,2432.87299,973.1491959,632.5469774
102,35057,359.6442021,143.8576808,93.50749254
103,35059,340.7489968,136.2995987,88.59473917
104,35061,3879.33039,1551.732156,1008.625902
105,34644,2159.417122,863.7668488,561.4484517
106,34239,2410.138844,964.0555376,626.6360994
107,33814,613.9252087,245.5700835,159.6205543
108,33815,97.55141713,39.02056685,25.36336846
109,33389,1740.061908,696.0247631,452.416096
110,33390,2238.869017,895.5476067,582.1059444
111,32948,4178.281451,1671.31258,1086.353177
112,32951,1037.763521,415.1054083,269.8185154
113,32952,1618.705147,647.4820587,420.8633381
114,32504,95.32360334,38.12944134,24.78413687
115,32505,575.8796921,230.3518768,149.7287199
116,31630,1499.135622,599.654249,389.7752618
117,31631,1781.338004,712.5352015,463.1478809
118,31636,79.22631481,31.69052592,20.59884185
119,31637,556.5172955,222.6069182,144.6944968
120,31190,701.7132018,280.6852807,182.4454325
121,31191,3187.276584,1274.910634,828.6919119
122,31192,4597.387271,1838.954908,1195.32069
123,31193,5313.946249,2125.578499,1381.626025
124,30739,2336.261797,934.504719,607.4280673
125,30747,117.0349674,46.81398696,30.42909153
126,30748,1323.530747,529.4122989,344.1179943
127,30749,42505.46886,17002.18755,11051.4219
128,30750,37500.50654,15000.20262,9750.1317
129,30751,1517.273806,606.9095224,394.4911896
130,30298,12378.29744,4951.318977,3218.357335
131,30299,60179.69411,24071.87764,15646.72047
132,30300,61313.6058,24525.44232,15941.53751
133,30301,33326.88903,13330.75561,8664.991148
134,29841,3980.54529,1592.218116,1034.941775
135,29842,13735.74061,5494.296246,3571.29256
136,29843,4553.796115,1821.518446,1183.98699
137,29844,34066.87761,13626.75104,8857.388179
138,29845,52391.54887,20956.61955,13621.80271
139,29846,4270.309525,1708.12381,1110.280477
140,29847,4691.303949,1876.52158,1219.739027
141,29850,0.429137293,0.171654917,0.111575696
142,29385,8.641616129,3.456646452,2.246820194
143,29387,12436.65491,4974.661966,3233.530278
144,29388,916.7957631,366.7183052,238.3668984
145,29389,1.212256631,0.484902652,0.315186724
146,29390,2811.871321,1124.748529,731.0865436
147,29393,400.4437093,160.1774837,104.1153644
148,28917,256.3022967,102.5209187,66.63859714
149,28918,123.010625,49.20425,31.9827625
150,28922,3027.211524,1210.88461,787.0749963
151,28923,242.4471867,96.97887468,63.03626854
152,28924,1414.628928,565.8515711,367.8035212
153,95985,0.337503876,0.13500155,0.087751008
154,95986,3440.644725,1376.25789,894.5676286
155,95987,19462.57245,7785.028979,5060.268836
156,95988,1400.81834,560.327336,364.2127684
157,43949,2943.086319,1177.234527,765.2024428
158,43950,177.9532724,71.18130895,46.26785082
159,43951,25694.98535,10277.99414,6680.696191
160,43952,33387.22849,13354.89139,8680.679406
161,96001,1085.543282,434.217313,282.2412534
162,43538,15456.19298,6182.47719,4018.610174
163,96011,46.20791056,18.48316422,12.01405674
164,43124,2150.576701,860.2306805,559.1499423
165,96024,18538.46241,7415.384963,4820.000226
166,96025,3136.88885,1254.75554,815.591101
167,42705,936.7739942,374.7095977,243.5612385
168,96042,521.0340107,208.4136043,135.4688428
169,42285,6392.650166,2557.060066,1662.089043
170,42286,980.6602144,392.2640858,254.9716557
171,96055,508.0330476,203.213219,132.0885924
172,41863,914.9775721,365.9910288,237.8941688
173,41865,500.5051829,200.2020732,130.1313476
174,96073,498.334196,199.3336784,129.566891
175,96076,7801.087369,3120.434948,2028.282716
176,41448,2909.692055,1163.876822,756.5199343
177,96087,25242.75945,10097.10378,6563.117457
178,41449,59029.82531,23611.93012,15347.75458
179,41033,319.072378,127.6289512,82.95881828
180,96102,24851.22467,9940.489869,6461.318415
181,41034,78942.15682,31576.86273,20524.96077
182,40617,5937.376422,2374.950569,1543.71787
183,96115,8078.653221,3231.461289,2100.449838
184,40204,1500.466872,600.1867487,390.1213867
185,96130,18941.21297,7576.485189,4924.715373
186,96146,250.7754471,100.3101788,65.20161624
187,39794,3813.794325,1525.51773,991.5865244
188,96150,1334.233582,533.6934328,346.9007313
189,96162,338.6387558,135.4555023,88.0460765
190,39380,472.434735,188.973894,122.8330311
191,39381,166.9603707,66.78414828,43.40969638
192,38969,2712.565334,1085.026134,705.2669868
193,38970,3217.052235,1286.820894,836.4335812
194,40618,37163.81588,14865.52635,9662.592128
195,96133,6174.181551,2469.67262,1605.287203
196,40205,360.1080786,144.0432314,93.62810044
197,96151,527.2965666,210.9186266,137.0971073
198,39795,2449.798525,979.91941,636.9476165
199,39796,401.5331226,160.613249,104.3986119
200,39384,2775.257843,1110.103137,721.5670391
201,96164,1119.49541,447.7981641,291.0688067
202,39385,1255.363246,502.1452986,326.3944441
203,38972,1392.6607,557.0642801,362.0917821
204,96176,1601.218601,640.4874406,416.3168364
205,38973,452.8850943,181.1540377,117.7501245
206,38974,2.14575368,0.858301472,0.557895957
207,38978,1132.870017,453.1480067,294.5462044
208,38979,3442.013322,1376.805329,894.9234637
209,38570,1142.419882,456.9679526,297.0291692
210,37351,119.3826584,47.75306336,31.03949118
211,37352,2675.225006,1070.090003,695.5585016
212,96244,1316.459217,526.5836869,342.2793965
213,36953,7333.181592,2933.272637,1906.627214
214,96257,4447.522846,1779.009139,1156.35594
215,36955,2755.025292,1102.010117,716.306576
216,36564,843.3956335,337.3582534,219.2828647
217,35782,4287.667958,1715.067183,1114.793669
218,96307,7297.688158,2919.075263,1897.398921
219,34978,2.699443361,1.079777344,0.701855274
220,44376,37.46271432,14.98508573,9.740305723
221,43965,359.8164379,143.9265751,93.55227384
222,43966,2.250200582,0.900080233,0.585052151
223,43554,63.8605402,25.54421608,16.60374045
224,43555,9354.739052,3741.895621,2432.232154
225,43145,112.2296407,44.89185629,29.17970659
226,43146,1578.649171,631.4596686,410.4487846
227,42722,686.4369464,274.5747785,178.4736061
228,42723,162.9132662,65.16530648,42.35744921
229,42728,185.1255708,74.05022832,48.13264841
230,42729,929.1526892,371.6610757,241.5796992
231,42299,38.60264363,15.44105745,10.03668734
232,42300,1011.460119,404.5840477,262.979631
233,42312,36.16159596,14.46463838,9.402014949
234,42313,218.3282474,87.33129896,56.76534432
235,42314,3244.37525,1297.7501,843.5375649
236,42315,3739.707199,1495.882879,972.3238716
237,41878,4.228714608,1.691485843,1.099465798
238,41891,1283.461999,513.3847997,333.7001198
239,41892,15419.86951,6167.947804,4009.166073
240,41893,19693.58695,7877.434782,5120.332608
241,41476,2079.013723,831.6054891,540.5435679
242,41477,1487.341588,594.9366353,386.7088129
243,41036,43183.39883,17273.35953,11227.6837
244,41037,5234.85174,2093.940696,1361.061452
245,41062,1659.636316,663.8545263,431.5054421
246,40619,23788.01187,9515.204748,6184.883086
247,40234,4167.042244,1666.816897,1083.430983
248,39815,763.0876858,305.2350743,198.4027983
249,39407,889.037916,355.6151664,231.1498582
250,38181,18.14344784,7.257379136,4.717296438
251,37779,296.7783027,118.7113211,77.1623587
252,37782,214.6004533,85.8401813,55.79611785
253,37783,12378.63944,4951.455778,3218.446256
254,37784,2830.999635,1132.399854,736.059905
255,37788,83.81362869,33.52545148,21.79154346
256,37790,239.0300192,95.61200769,62.147805
257,37362,2810.560227,1124.224091,730.7456589
258,37363,205.1878401,82.07513606,53.34883844
259,37381,1316.535528,526.6142111,342.2992372
260,37382,11165.82592,4466.330367,2903.114739
261,37383,10.30717119,4.122868477,2.67986451
262,37387,451.7224477,180.6889791,117.4478364
263,37389,228.275035,91.31001401,59.3515091
264,36968,0.839668856,0.335867543,0.218313903
265,36986,328.7829005,131.5131602,85.48355414
266,36987,456.3213118,182.5285247,118.6435411
267,36577,664.6800226,265.872009,172.8168059
268,36589,279.3841601,111.753664,72.63988162
269,36195,342.1108944,136.8443578,88.94883255
270,36196,32.68636205,13.07454482,8.498454133
271,35805,101.7459939,40.69839756,26.45395842
272,45595,1071.776941,428.7107766,278.6620048
273,44785,1244.660193,497.8640772,323.6116501
274,44373,360.6666372,144.2666549,93.77332566
275,44375,147.2627362,58.90509449,38.28831142
276,96028,688.2689166,275.3075666,178.9499183
277,43128,815.2155907,326.0862363,211.9560536
278,96045,572.9315692,229.1726277,148.962208
279,42708,12908.69115,5163.47646,3356.259699
280,42709,22160.14465,8864.057862,5761.63761
281,42711,15428.83722,6171.534887,4011.497677
282,42712,3720.073343,1488.029337,967.2190693
283,42713,480.372228,192.1488912,124.8967793
284,42289,21827.2013,8730.88052,5675.072338
285,42290,21369.15808,8547.663233,5555.981102
286,42291,18759.18104,7503.672418,4877.387072
287,42292,1313.550614,525.4202457,341.5231597
288,42293,9474.935762,3789.974305,2463.483298
289,42295,1818.988446,727.5953783,472.9369959
290,42296,1990.940175,796.3760702,517.6444456
291,42297,1369.375707,547.7502828,356.0376838
292,41866,3367.72127,1347.088508,875.6075302
293,41867,38910.09851,15564.0394,10116.62561
294,41868,68357.55604,27343.02242,17772.96457
295,41869,38739.92629,15495.97052,10072.38083
296,41870,12481.63443,4992.65377,3245.224951
297,41450,75459.10049,30183.64019,19619.36613
298,41451,56253.30398,22501.32159,14625.85904
299,41452,28187.86382,11275.14553,7328.844594
300,41453,5017.53516,2007.014064,1304.559142
301,41035,63927.43962,25570.97585,16621.1343
302,48011,772.4768572,308.9907429,200.8439829
303,47620,504.6330362,201.8532145,131.2045894
304,47215,1002.390973,400.9563893,260.6216531
305,46818,1755.299417,702.1197667,456.3778484
306,46819,1833.156204,733.2624818,476.6206132
307,46820,827.58972,331.035888,215.1733272
308,46822,343.3098454,137.3239382,89.26055981
309,46408,981.0664892,392.4265957,255.0772872
310,46414,200.1746057,80.06984228,52.04539748
311,46011,1775.85126,710.3405039,461.7213275
312,46833,3793.369481,1517.347792,986.276065
313,46428,2295.039051,918.0156205,596.7101533
314,46012,977.5269274,391.010771,254.1570011
315,46024,18.1227973,7.249118921,4.711927299
316,45608,63.28792391,25.31516956,16.45486022
317,45611,378.5482803,151.4193121,98.42255289
318,45612,3454.046085,1381.618434,898.0519821
319,45621,1607.822564,643.1290255,418.0338666
320,45209,84.39511372,33.75804549,21.94272957
321,41894,5094.434441,2037.773776,1324.552955
322,41905,102.5586116,41.02344464,26.66523901
323,41906,227.4714684,90.98858736,59.14258178
324,41918,971.8570603,388.7428241,252.6828357
325,40646,1072.086914,428.8347656,278.7425976
326,40647,3426.553073,1370.621229,890.9037991
327,40649,418.7800503,167.5120201,108.8828131
328,40235,6487.379273,2594.951709,1686.718611
329,39827,949.0814842,379.6325937,246.7611859
330,39419,784.7126867,313.8850747,204.0252986
331,39420,88.18864203,35.27545681,22.92904693
332,39008,245.9747761,98.38991044,63.95344179
333,39009,322.166054,128.8664216,83.76317405
334,38599,3381.924038,1352.769615,879.3002499
335,38192,402.8360834,161.1344334,104.7373817
336,38193,317.51267,127.005068,82.55329419
337,38194,169.9337293,67.9734917,44.18276961
338,38195,269.3607506,107.7443002,70.03379515
339,38200,2105.959479,842.3837917,547.5494646
340,38201,387.9429177,155.1771671,100.8651586
341,37798,7.674316937,3.069726775,1.995322404
342,37807,416.9812757,166.7925103,108.4151317
343,37808,728.9090029,291.5636011,189.5163407
344,49216,577.0913402,230.8365361,150.0437484
345,49218,441.425446,176.5701784,114.770616
346,48826,486.0110905,194.4044362,126.3628835
347,48430,509.0278661,203.6111465,132.3472452
348,48030,1146.268826,458.5075304,298.0298948
349,48038,23144.83592,9257.934367,6017.657339
350,48039,2323.876742,929.5506966,604.2079528
351,48040,2562.721251,1025.0885,666.3075252
352,48043,2505.857572,1002.343029,651.5229687
353,47643,209.6683995,83.86735982,54.51378388
354,47647,4014.566026,1605.82641,1043.787167
355,47648,1083.036943,433.2147773,281.5896052
356,47652,225.370394,90.14815762,58.59630245
357,47234,1779.955781,711.9823125,462.7885031
358,47238,195.2047456,78.08189823,50.75323385
359,47239,625.5374103,250.2149641,162.6397267
360,47246,672.9334828,269.1733931,174.9627055
361,47251,550.7483436,220.2993374,143.1945693
362,46842,197.719878,79.08795119,51.40716827
363,46843,3.533138696,1.413255479,0.918616061
364,46853,365.5767208,146.2306883,95.0499474
365,46860,351.7839819,140.7135928,91.4638353
366,46429,444.703604,177.8814416,115.622937
367,46435,964.7035839,385.8814335,250.8229318
368,46032,332.506068,133.0024272,86.45157767
369,46042,936.4697986,374.5879195,243.4821476
370,45226,285.1972156,114.0788862,74.15127606
371,45227,388.0104937,155.2041975,100.8827284
372,44820,1.266592911,0.506637164,0.329314157
373,44418,560.8237858,224.3295143,145.8141843
374,44422,467.1975608,186.8790243,121.4713658
375,43597,221.5743308,88.62973232,57.60932601
376,43598,5.507561758,2.203024703,1.431966057
377,43188,3428.005965,1371.202386,891.2815508
378,43189,742.5670825,297.026833,193.0674415
379,43198,295.2732274,118.1092909,76.77103911
380,43199,81.37487102,32.54994841,21.15746647
381,42769,1565.388174,626.1552697,407.0009253
382,42771,6744.236145,2697.694458,1753.501398
383,42355,1944.06255,777.62502,505.456263
384,41932,350.3791437,140.1516575,91.09857737
385,41933,31362.29054,12544.91622,8154.195542
386,41934,11952.18722,4780.874887,3107.568677
387,41936,263.3269774,105.330791,68.46501412
388,41515,4409.444732,1763.777893,1146.45563
389,41516,67064.88251,26825.95301,17436.86945
390,41517,22638.67044,9055.468175,5886.054314
391,41518,2443.721545,977.488618,635.3676017
392,41519,1277.163164,510.8652656,332.0624226
393,41521,4330.7739,1732.30956,1126.001214
394,41100,19546.00566,7818.402265,5081.961472
395,41101,66165.90215,26466.36086,17203.13456
396,41102,50014.94342,20005.97737,13003.88529
397,41103,3167.014303,1266.805721,823.4237188
398,40683,24396.48567,9758.594269,6343.086275
399,40684,65328.38212,26131.35285,16985.37935
400,40685,39470.15925,15788.0637,10262.2414
401,40686,934.1442965,373.6577186,242.8775171
402,40270,7756.051978,3102.420791,2016.573514
403,40271,158.9377275,63.57509102,41.32380916
404,40272,4950.365988,1980.146395,1287.095157
405,40273,12060.39565,4824.158261,3135.70287
406,40276,378.6948425,151.477937,98.46065906
407,40282,1277.949069,511.1796275,332.2667579
408,40283,509.6961221,203.8784488,132.5209917
409,39854,78.20766171,31.28306468,20.33399204
410,39855,3884.103688,1553.641475,1009.866959
411,39861,917.5447072,367.0178829,238.5616239
412,39864,8331.151385,3332.460554,2166.09936
413,39865,164.0542388,65.62169553,42.6541021
414,39873,516.9805519,206.7922207,134.4149435
415,39445,1271.919416,508.7677665,330.6990482
416,39446,1008.535042,403.414017,262.219111
417,39456,595.3360987,238.1344395,154.7873857
418,39457,335.7470049,134.2988019,87.29422127
419,39045,155.1425557,62.05702229,40.33706449
420,38636,847.1125899,338.845036,220.2492734
421,49598,43.84058433,17.53623373,11.39855193
422,49599,781.1505478,312.4602191,203.0991424
423,71904,5057.002968,2022.801187,1314.820772
424,72195,2806.742886,1122.697155,729.7531504
425,89631,1100.378661,440.1514644,286.0984519
426,100421,227.8269648,91.13078592,59.23501085
427,62263,939.5076702,375.8030681,244.2719942
428,65579,2648.025431,1059.210172,688.486612
429,65807,4126.160278,1650.464111,1072.801672
430,65808,99.94039052,39.97615621,25.98450154
431,3943,694.2409171,277.6963669,180.5026385
432,100880,435.4819829,174.1927932,113.2253156
433,100224,80.39858443,32.15943377,20.90363195
434,100301,126.8946427,50.75785709,32.99260711
435,97706,0.632469614,0.252987846,0.1644421
436,97707,456.8336671,182.7334669,118.7767535
437,98026,626.2949097,250.5179639,162.8366765
438,67667,405.2810834,162.1124334,105.3730817
439,50385,610.308275,244.12331,158.6801515
440,48849,752.8628962,301.1451585,195.744353
441,48044,22.99354858,9.197419434,5.978322632
442,48049,484.7091777,193.8836711,126.0243862
443,48054,7261.816008,2904.726403,1888.072162
444,47662,1450.888743,580.355497,377.2310731
445,47663,15073.00096,6029.200383,3918.980249
446,47265,179.6657013,71.86628053,46.71308234
447,44842,3775.789409,1510.315763,981.7052462
448,44432,790.9035654,316.3614262,205.634927
449,44022,316.793065,126.717226,82.36619691
450,42389,137.3901146,54.95604583,35.72142979
451,42390,68.67380791,27.46952316,17.85519006
452,41967,171.7793535,68.71174139,44.6626319
453,41968,743.384886,297.3539544,193.2800704
454,39879,864.8662208,345.9464883,224.8652174
455,51474,755.9600267,302.3840107,196.5496069
456,51475,33.46275667,13.38510267,8.700316734
457,48482,1979.212918,791.6851673,514.5953587
458,48483,9847.328525,3938.93141,2560.305417
459,48074,1.28631915,0.51452766,0.334442979
460,48075,5818.966791,2327.586716,1512.931366
461,47705,593.0347537,237.2139015,154.189036
462,46911,585.4554561,234.1821824,152.2184186
463,46912,13.27960653,5.311842611,3.452697697
464,43237,634.7181492,253.8872597,165.0267188
465,42398,875.6772398,350.2708959,227.6760823
466,54319,206.8918766,82.75675062,53.7918879
467,54034,3942.781058,1577.112423,1025.123075
468,54035,95.12705017,38.05082007,24.73303304
469,54040,381.0653264,152.4261306,99.07698486
470,54043,133.1232103,53.24928412,34.61203468
471,52508,542.8885215,217.1554086,141.1510156
472,52171,3814.955124,1525.98205,991.8883323
473,51834,0.055805949,0.02232238,0.014509547
474,50798,958.966882,383.5867528,249.3313893
475,48884,16192.07195,6476.82878,4209.938707
476,48885,9596.145314,3838.458126,2494.997782
477,48886,1372.636541,549.0546162,356.8855006
478,48489,39042.53361,15617.01344,10151.05874
479,48490,10508.19513,4203.278052,2732.130734
480,48491,560.8050701,224.322028,145.8093182
481,48492,573.9259462,229.5703785,149.220746
482,48496,636.1571607,254.4628643,165.4008618
483,48507,887.602481,355.0409924,230.7766451
484,48121,480.6458193,192.2583277,124.967913
485,47712,291.3398542,116.5359417,75.7483621
486,47315,371.1069309,148.4427724,96.48780204
487,46926,762.4741408,304.9896563,198.2432766
488,46927,784.2033467,313.6813387,203.8928701
489,46121,1408.98894,563.595576,366.3371244
490,46129,530.6649565,212.2659826,137.9728887
491,45718,4266.093491,1706.437397,1109.184308
492,44502,533.6266631,213.4506652,138.7429324
493,44089,533.6125387,213.4450155,138.73926
494,53480,243.5543886,97.42175545,63.32414104
495,53481,757.4969351,302.998774,196.9492031
496,52844,680.9811034,272.3924413,177.0550869
497,52192,235.3284546,94.13138185,61.1853982
498,52198,2204.950172,881.9800689,573.2870448
499,52199,14516.91066,5806.764263,3774.396771
500,52203,619.9278778,247.9711511,161.1812482
501,51855,905.8337505,362.3335002,235.5167751
502,51862,711.93008,284.772032,185.1018208
503,51873,356.4503259,142.5801304,92.67708473
504,51874,4133.16424,1653.265696,1074.622702
505,51516,434.6315326,173.852613,113.0041985
506,50811,224.3538402,89.7415361,58.33199846
507,50813,1178.392247,471.3568987,306.3819841
508,50447,549.7075479,219.8830192,142.9239625
509,46946,144.7035937,57.88143747,37.62293436
510,46541,2557.881982,1023.152793,665.0493154
511,54862,1326.268246,530.5072985,344.829744
512,54597,152.8572672,61.14290687,39.74288946
513,54608,19.35609091,7.742436363,5.032583636
514,54609,2717.689278,1087.075711,706.5992122
515,54610,4303.059979,1721.223992,1118.795595
516,54332,561.4932693,224.5973077,145.98825
517,54334,543.2695987,217.3078395,141.2500957
518,54335,27.1041769,10.84167076,7.047085995
519,38267,417.2487241,166.8994896,108.4846683
520,37857,398.8878659,159.5551464,103.7108451
521,37862,572.1041698,228.8416679,148.7470841
522,37863,330.3571722,132.1428689,85.89286476
523,37454,646.8723044,258.7489218,168.1867991
524,35081,2119.087002,847.6348006,550.9626204
525,33843,4188.515529,1675.406212,1089.014038
526,33844,4148.705467,1659.482187,1078.663421
527,33397,300.8305393,120.3322157,78.21594021
528,33408,926.6563601,370.6625441,240.9306536
529,33409,1716.078224,686.4312898,446.1803384
530,32965,1055.162386,422.0649543,274.3422203
531,32522,239.380988,95.75239521,62.23905688
532,31641,240.9352264,96.37409058,62.64315887
533,31202,1655.205451,662.0821804,430.3534173
534,30761,73.26739887,29.30695955,19.04952371
535,30311,232.0572546,92.82290185,60.3348862
536,30317,298.4749362,119.3899745,77.6034834
537,30333,1443.783563,577.5134254,375.3837265
538,29862,148.8368904,59.53475617,38.69759151
539,29403,1888.014676,755.2058705,490.8838158
540,28468,1773.515945,709.4063782,461.1141458
541,27998,1699.371194,679.7484777,441.8365105
542,27999,800.4328369,320.1731347,208.1125376
543,27528,2459.176301,983.6705203,639.3858382
544,25120,756.524544,302.6098176,196.6963814
545,24655,17.20373955,6.881495822,4.472972284
546,30334,249.8029895,99.92119581,64.94877727
547,27085,126.3779895,50.55119578,32.85827726
548,26604,1352.928116,541.1712462,351.76131
549,42831,679.1088186,271.6435274,176.5682928
550,42418,292.2066672,116.8826669,75.97373347
551,41996,110.1090961,44.04363844,28.62836499
552,41150,356.9635422,142.7854169,92.81052098
553,40737,906.487672,362.5950688,235.6867947
554,40747,974.5155468,389.8062187,253.3740422
555,40324,20657.39836,8262.959346,5370.923575
556,40325,49227.63079,19691.05232,12799.18401
557,40326,0.001500993,0.000600397,0.000390258
558,40335,707.2901659,282.9160664,183.8954431
559,39906,23.9226238,9.569049519,6.219882187
560,39907,733.4810464,293.3924186,190.7050721
561,39915,3630.590102,1452.236041,943.9534264
562,39916,10915.05952,4366.02381,2837.915476
563,39507,14.61517507,5.84607003,3.799945519
564,39508,4589.036442,1835.614577,1193.149475
565,39509,1970.286881,788.1147526,512.2745892
566,39095,418.8314482,167.5325793,108.8961765
567,39096,496.2438517,198.4975407,129.0234014
568,39098,306.380623,122.5522492,79.65896198
569,37882,484.7337892,193.8935157,126.0307852
570,37072,470.1964162,188.0785665,122.2510682
571,37091,225.5975204,90.23900815,58.65535529
572,36681,5559.611931,2223.844772,1445.499102
573,36700,140.6708988,56.26835954,36.5744337
574,35918,7184.901564,2873.960626,1868.074407
575,35919,4531.475181,1812.590072,1178.183547
576,35518,451.7779533,180.7111813,117.4622679
577,16772,1876.40949,750.5637961,487.8664675
578,16389,12222.74025,4889.096099,3177.912464
579,16390,5839.63802,2335.855208,1518.305885
580,16003,1803.99823,721.599292,469.0395398
581,16004,235.319722,94.12788879,61.18312771
582,43670,324.7749118,129.9099647,84.44147706
583,42840,623.0751465,249.2300586,161.9995381
584,42005,354.7012402,141.8804961,92.22232246
585,42022,1364.590118,545.8360471,354.7934306
586,38310,438.944508,175.5778032,114.1255721
587,37893,1193.907545,477.5630179,310.4159616
588,37894,673.3469915,269.3387966,175.0702178
589,37897,1104.114051,441.6456205,287.0696533
590,37492,122.0503396,48.82013586,31.73308831
591,37493,70.16540944,28.06616378,18.24300645
592,35930,551.6722378,220.6688951,143.4347818
593,35534,831.6904266,332.6761706,216.2395109
594,34322,1785.675477,714.2701908,464.275624
595,29464,1029.691164,411.8764654,267.7197025
596,29465,782.888544,313.1554176,203.5510214
597,28516,132.9673434,53.18693736,34.57150928
598,27100,228.829612,91.53184482,59.49569913
599,25168,286.9060296,114.7624118,74.59556769
600,30853,291.59338,116.637352,75.8142788
601,25210,3810.856483,1524.342593,990.8226857
602,25211,35.24670358,14.09868143,9.164142932
603,24745,510.379504,204.1518016,132.698671
604,35151,8.232130335,3.292852134,2.140353887
605,35152,167.9450396,67.17801586,43.66571031
606,34779,144.0288283,57.61153134,37.44749537
607,22098,34.4969437,13.79877748,8.969205363
608,22099,303.1735327,121.2694131,78.8251185
609,54075,592.5813756,237.0325502,154.0711577
610,54079,327.5650459,131.0260184,85.16691193
611,53790,389.6130291,155.8452116,101.2993876
612,53791,132.341282,52.9365128,34.40873332
613,53489,347.8981707,139.1592683,90.45352439
614,53490,5133.120039,2053.248016,1334.61121
615,53180,532.8304341,213.1321737,138.5359129
616,53181,1021.647191,408.6588765,265.6282697
617,53182,357.4122058,142.9648823,92.92717351
618,53183,1157.221474,462.8885898,300.8775834
619,52866,484.5564125,193.822565,125.9846672
620,52867,1584.663803,633.8655213,412.0125888
621,52868,515.8728833,206.3491533,134.1269497
622,52869,918.6599549,367.4639819,238.8515883
623,52870,9.928069521,3.971227808,2.581298075
624,52885,298.2344223,119.2937689,77.54094981
625,52886,407.3857906,162.9543163,105.9203056
626,52543,282.1803115,112.8721246,73.36688098
627,52544,18345.20523,7338.082091,4769.753359
628,52545,47467.4526,18986.98104,12341.53768
629,52546,2449.978322,979.9913286,636.9943636
630,52563,429.4600663,171.7840265,111.6596172
631,52564,2712.684526,1085.073811,705.2979769
632,52217,2442.942185,977.1768739,635.164968
633,52218,45772.01181,18308.80472,11900.72307
634,52219,67212.46943,26884.98777,17475.24205
635,52220,18738.93922,7495.575688,4872.124197
636,52221,1361.685856,544.6743425,354.0383227
637,51881,3040.662127,1216.264851,790.5721531
638,51882,18965.21785,7586.08714,4930.956641
639,51883,11362.67076,4545.068306,2954.294399
640,51537,448.9916487,179.5966595,116.7378287
641,51539,1943.810465,777.5241861,505.390721
642,51540,261.1353296,104.4541319,67.8951857
643,51542,1043.632525,417.4530098,271.3444564
644,51184,455.1553926,182.062157,118.3404021
645,51185,949.5972043,379.8388817,246.8952731
646,51188,2725.452069,1090.180828,708.617538
647,51195,343.37457,137.349828,89.2773882
648,50837,12.66201498,5.064805991,3.292123894
649,50838,295.6907911,118.2763164,76.87960567
650,50465,325.9842587,130.3937035,84.75590726
651,50094,46.4011503,18.56046012,12.06429908
652,49330,598.5485884,239.4194354,155.622633
653,48149,209.1660304,83.66641215,54.3831679
654,48150,183.5502748,73.42010991,47.72307144
655,47385,415.7740206,166.3096083,108.1012454
656,52576,1925.653773,770.2615091,500.6699809
657,51223,1020.929054,408.3716215,265.441554
658,47386,462.6068993,185.0427597,120.2777938
659,55905,2675.402058,1070.160823,695.6045351
660,55528,651.7258455,260.6903382,169.4487198
661,56117,9277.311589,3710.924636,2412.101013
662,56118,6621.754465,2648.701786,1721.656161
663,55932,814.1050998,325.6420399,211.667326
664,55933,16790.58129,6716.232516,4365.551135
665,51611,668.5502053,267.4200821,173.8230534
666,51262,493.4881805,197.3952722,128.3069269
667,50562,1329.739908,531.8959633,345.7323761
668,56150,911.1318079,364.4527231,236.89427
669,56160,169.4803713,67.79214852,44.06489654
670,56161,235.7190257,94.28761029,61.28694669
671,54943,1119.188168,447.6752673,290.9889237
672,53568,15.93721277,6.374885108,4.14367532
673,53569,506.8275045,202.7310018,131.7751512
674,59884,206.3694041,82.54776165,53.65604508
675,59874,727.5199363,291.0079745,189.1551834
676,59875,1377.865546,551.1462184,358.245042
677,59863,3821.170376,1528.46815,993.5042977
678,59864,362.7557522,145.1023009,94.31649557
679,59865,5.137147467,2.054858987,1.335658341
680,95396,817.0169461,326.8067784,212.424406
681,59850,24843.42329,9937.369317,6459.290056
682,59851,5097.351279,2038.940512,1325.311333
683,59852,2490.05399,996.0215961,647.4140375
684,59836,26905.36447,10762.14579,6995.394762
685,59837,26449.00767,10579.60307,6876.741995
686,58246,275.9379287,110.3751715,71.74386145
687,58251,627.9508778,251.1803511,163.2672282
688,58179,38.97000601,15.58800241,10.13220156
689,58094,1956.88367,782.7534678,508.7897541
690,58095,16085.11236,6434.044943,4182.129213
691,95487,1702.704477,681.0817909,442.7031641
692,58012,8.519086513,3.407634605,2.214962493
693,58013,2803.171925,1121.26877,728.8247006
694,58014,1.065069234,0.426027694,0.276918001
695,40605,488.0944211,195.2377684,126.9045495
696,96172,36.9631557,14.78526228,9.610420483
697,37341,257.3923588,102.9569435,66.92201328
698,96267,32.05793536,12.82317415,8.335063194
699,59877,3742.654747,1497.061899,973.0902343
700,59878,1546.198558,618.4794233,402.0116252
701,59866,465.3183235,186.1273294,120.9827641
702,59867,4101.6055,1640.6422,1066.41743
703,59868,856.8240887,342.7296355,222.7742631
704,59855,10.74609057,4.298436227,2.793983548
705,59838,7981.099896,3192.439959,2075.085973
706,59839,2743.410774,1097.36431,713.2868012
707,59841,1575.565185,630.2260741,409.6469481
708,59825,353.0114874,141.204595,91.78298672
709,59813,5528.74752,2211.499008,1437.474355
710,59814,8908.233316,3563.293326,2316.140662
711,59815,1333.324027,533.3296107,346.664247
712,59796,110.906345,44.36253799,28.8356497
713,59797,26.99923115,10.79969246,7.019800099
714,59799,881.8905298,352.7562119,229.2915377
715,59776,575.1690773,230.0676309,149.5439601
716,59777,2675.584815,1070.233926,695.652052
717,59778,774.5549698,309.8219879,201.3842922
718,59763,436.910641,174.7642564,113.5967667
719,59740,30.94443475,12.3777739,8.045553034
720,59741,6.029741649,2.411896659,1.567732829
721,59742,410.9764851,164.390594,106.8538861
722,59744,180.5508454,72.22033816,46.9432198
723,95412,631.5052699,252.6021079,164.1913702
724,59712,1250.920909,500.3683635,325.2394363
725,59714,1675.698132,670.2792529,435.6815144
726,59718,695.8542926,278.341717,180.9221161
727,59722,739.7072548,295.8829019,192.3238862
728,59728,281.4601581,112.5840632,73.1796411
729,59689,20893.57995,8357.431979,5432.330786
730,59690,21.94849998,8.779399993,5.706609996
731,59691,846.6784017,338.6713607,220.1363844
732,59693,75.25109267,30.10043707,19.56528409
733,59699,13892.0028,5556.801119,3611.920727
734,59700,705.8827317,282.3530927,183.5295103
735,59701,1681.140691,672.4562762,437.0965795
736,59665,2078.107646,831.2430584,540.3079879
737,59666,2236.770367,894.7081468,581.5602954
738,59669,393.3692229,157.3476892,102.275998
739,59671,4689.788531,1875.915412,1219.345018
740,59672,832.0417202,332.8166881,216.3308473
741,59673,8201.741219,3280.696488,2132.452717
742,59674,22463.90483,8985.561933,5840.615257
743,59675,2454.593189,981.8372757,638.1942292
744,59676,176.5219081,70.60876323,45.8956961
745,59678,2429.859601,971.9438404,631.7634963
746,59679,659.8008803,263.9203521,171.5482289
747,59683,210.0095584,84.00382338,54.60248519
748,59642,744.8973118,297.9589247,193.6733011
749,59647,19760.21414,7904.085658,5137.655678
750,59648,56533.99464,22613.59786,14698.83861
751,59649,15698.50806,6279.403225,4081.612096
752,59650,409.114607,163.6458428,106.3697978
753,59652,1783.479641,713.3918562,463.7047066
754,59653,208.808866,83.52354642,54.29030517
755,59654,1336.815385,534.7261539,347.572
756,59656,4182.93015,1673.17206,1087.561839
757,59657,1405.762619,562.3050476,365.498281
758,59617,505.9351093,202.3740437,131.5431284
759,59620,572.4110844,228.9644337,148.8268819
760,59621,6046.679748,2418.671899,1572.136735
761,59622,4324.044055,1729.617622,1124.251454
762,59623,693.4732154,277.3892861,180.303036
763,59624,4202.27198,1680.908792,1092.590715
764,59626,906.3400238,362.5360095,235.6484062
765,59629,1046.6178,418.6471198,272.1206279
766,59630,316.6338353,126.6535341,82.32479719
767,59588,240.8612554,96.34450217,62.62392641
768,59591,841.6561265,336.6624506,218.8305929
769,59596,1492.264184,596.9056736,387.9886878
770,59597,9929.819193,3971.927677,2581.75299
771,59602,50.48689907,20.19475963,13.12659376
772,59603,916.7059519,366.6823808,238.3435475
773,59604,581.0514465,232.4205786,151.0733761
774,59606,1753.266492,701.3065966,455.8492878
775,59609,3736.750826,1494.70033,971.5552148
776,59561,611.375202,244.5500808,158.9575525
777,59563,555.3097856,222.1239143,144.3805443
778,59566,2337.098612,934.8394447,607.645639
779,59569,647.1289141,258.8515656,168.2535177
780,59570,1983.380278,793.3521113,515.6788724
781,59572,581.1080063,232.4432025,151.0880817
782,59573,14142.00348,5656.801393,3676.920905
783,59574,8082.526026,3233.01041,2101.456767
784,59576,2933.69618,1173.478472,762.7610068
785,59581,56.51409272,22.60563709,14.69366411
786,59582,9337.212362,3734.884945,2427.675214
787,59537,979.3476844,391.7390738,254.6303979
788,59541,5250.424538,2100.169815,1365.11038
789,59542,332.9566348,133.1826539,86.56872505
790,59543,617.1019242,246.8407697,160.4465003
791,59544,258.6331254,103.4532502,67.2446126
792,59546,3139.414817,1255.765927,816.2478525
793,59547,6221.639281,2488.655712,1617.626213
794,59548,5316.108506,2126.443402,1382.188212
795,59549,3328.715299,1331.48612,865.4659778
796,59550,13668.64322,5467.457287,3553.847237
797,59551,8189.016981,3275.606792,2129.144415
798,59553,1683.657939,673.4631756,437.7510642
799,59555,4130.607895,1652.243158,1073.958053
800,59556,7215.608253,2886.243301,1876.058146
801,59510,235.0927312,94.03709248,61.12411011
802,59514,1517.691184,607.0764737,394.5997079
803,59516,5246.172778,2098.469111,1364.004922
804,59517,320.3164928,128.1265971,83.28228814
805,59518,2543.048032,1017.219213,661.1924884
806,59519,1863.952447,745.5809789,484.6276363
807,59520,515.4004639,206.1601856,134.0041206
808,59521,2972.947403,1189.178961,772.9663248
809,59522,5929.72253,2371.889012,1541.727858
810,59524,7260.471711,2904.188684,1887.722645
811,59525,46925.18048,18770.07219,12200.54692
812,59526,50650.48788,20260.19515,13169.12685
813,59527,17342.7724,6937.108961,4509.120825
814,59528,10523.23973,4209.295891,2736.042329
815,59529,4113.968813,1645.587525,1069.631891
816,59530,8188.855097,3275.542039,2129.102325
817,59531,27211.73402,10884.69361,7075.050845
818,59484,71.6578924,28.66315696,18.63105202
819,59485,1076.897282,430.7589127,279.9932933
820,59486,100.0675803,40.02703214,26.01757089
821,59487,800.9426601,320.377064,208.2450916
822,59492,977.6863539,391.0745415,254.198452
823,59493,14409.23184,5763.692738,3746.400279
824,59494,50298.3016,20119.32064,13077.55842
825,59495,38689.63828,15475.85531,10059.30595
826,59496,18111.81832,7244.727328,4709.072763
827,59498,117.449643,46.97985721,30.53690719
828,59499,25288.24518,10115.29807,6574.943747
829,59500,25264.16131,10105.66452,6568.681941
830,59504,4610.646501,1844.258601,1198.76809
831,59505,8843.491068,3537.396427,2299.307678
832,59459,2368.912151,947.5648603,615.9171592
833,59465,517.3476333,206.9390533,134.5103847
834,59468,4850.107738,1940.043095,1261.028012
835,59469,16389.30659,6555.722636,4261.219714
836,59470,7604.000187,3041.600075,1977.040049
837,59471,14079.85296,5631.941184,3660.76177
838,59473,425.9717615,170.3887046,110.752658
839,59474,4303.232571,1721.293029,1118.840469
840,59475,54405.37102,21762.14841,14145.39647
841,59476,0.601343551,0.240537421,0.156349323
842,59480,65.52216465,26.20886586,17.03576281
843,59434,43.23121577,17.29248631,11.2401161
844,59437,401.1694232,160.4677693,104.30405
845,59439,0.677378796,0.270951518,0.176118487
846,59440,1509.451346,603.7805386,392.4573501
847,59443,3007.056104,1202.822442,781.834587
848,59445,9017.468295,3606.987318,2344.541757
849,59446,17155.32343,6862.129371,4460.384091
850,59447,0.315527688,0.126211075,0.082037199
851,59448,4019.210972,1607.684389,1044.994853
852,59449,25016.86028,10006.74411,6504.383672
853,59450,53598.86912,21439.54765,13935.70597
854,59451,19962.06835,7984.827338,5190.13777
855,59415,1112.376558,444.9506231,289.217905
856,59417,656.3884106,262.5553643,170.6609868
857,59419,6784.3058,2713.72232,1763.919508
858,59421,1032.804995,413.1219979,268.5292986
859,59422,3348.264061,1339.305624,870.5486559
860,59423,10401.44045,4160.576181,2704.374517
861,59424,32553.60828,13021.44331,8463.938152
862,59425,88534.64604,35413.85842,23019.00797
863,59426,47966.84607,19186.73843,12471.37998
864,59383,321.788128,128.7152512,83.66491329
865,59384,464.7393583,185.8957433,120.8322332
866,59385,548.4941329,219.3976532,142.6084746
867,59388,871.4401468,348.5760587,226.5744382
868,59391,779.2845587,311.7138235,202.6139853
869,59394,108.4577816,43.38311265,28.19902322
870,59395,596.0083329,238.4033332,154.9621666
871,59396,3576.603413,1430.641365,929.9168875
872,59397,81147.11364,32458.84545,21098.24955
873,59398,90091.34606,36036.53843,23423.74998
874,59399,89847.5218,35939.00872,23360.35567
875,59400,41941.87987,16776.75195,10904.88877
876,59401,5780.341041,2312.136416,1502.888671
877,59358,563.623593,225.4494372,146.5421342
878,59359,71.57716234,28.63086493,18.61006221
879,59362,531.1114687,212.4445875,138.0889819
880,59364,72.07183945,28.82873578,18.73867826
881,59365,127.3500154,50.94000615,33.111004
882,59366,3736.2843,1494.51372,971.4339181
883,59367,48696.94046,19478.77618,12661.20452
884,59368,84701.23723,33880.49489,22022.32168
885,59369,90029.34941,36011.73977,23407.63085
886,59370,90047.48575,36018.9943,23412.34629
887,59371,57688.66901,23075.46761,14999.05394
888,59321,2908.285343,1163.314137,756.1541891
889,59325,991.1073643,396.4429457,257.6879147
890,59326,413.303847,165.3215388,107.4590002
891,59329,1375.667506,550.2670026,357.6735517
892,59334,9450.310785,3780.124314,2457.080804
893,59335,335.3831148,134.1532459,87.19960984
894,59336,1161.737647,464.6950586,302.0517881
895,59337,7768.284187,3107.313675,2019.753889
896,59338,39674.0609,15869.62436,10315.25583
897,59339,89197.51296,35679.00518,23191.35337
898,59340,89967.75203,35987.10081,23391.61553
899,59341,88587.58602,35435.03441,23032.77236
900,59287,23.36914407,9.347657627,6.075977457
901,59291,520.0421734,208.0168694,135.2109651
902,59292,2313.625341,925.4501362,601.5425885
903,59294,184.4281685,73.77126741,47.95132382
904,59299,700.7486084,280.2994434,182.1946382
905,59302,294.906855,117.962742,76.67578231
906,59303,631.5754798,252.6301919,164.2096247
907,59304,2227.038072,890.815229,579.0298988
908,59305,53682.27427,21472.90971,13957.39131
909,59306,58969.07166,23587.62866,15331.95863
910,59307,41200.28083,16480.11233,10712.07302
911,59251,353.4281291,141.3712516,91.89131356
912,59252,392.8362595,157.1345038,102.1374275
913,59255,557.9091674,223.163667,145.0563835
914,59258,652.4396399,260.975856,169.6343064
915,59260,1734.560335,693.8241341,450.9856872
916,59263,2747.048002,1098.819201,714.2324804
917,59264,624.1708299,249.668332,162.2844158
918,59265,5509.820123,2203.928049,1432.553232
919,59266,51966.09211,20786.43684,13511.18395
920,59267,4652.047756,1860.819102,1209.532417
921,59268,5011.610528,2004.644211,1303.018737
922,59213,346.7805803,138.7122321,90.16295088
923,59219,5176.033146,2070.413258,1345.768618
924,59220,1397.41315,558.9652599,363.3274189
925,59221,2058.005262,823.2021049,535.0813682
926,59222,22644.63995,9057.855979,5887.606386
927,59223,19705.66637,7882.266548,5123.473256
928,59224,931.114857,372.4459428,242.0898628
929,59225,9.720066929,3.888026772,2.527217402
930,59172,333.4777861,133.3911145,86.7042244
931,59174,1405.093346,562.0373385,365.32427
932,59175,336.9379611,134.7751844,87.60386989
933,59176,16.11519566,6.446078266,4.189950873
934,59177,4677.16179,1870.864716,1216.062065
935,59178,18.81223604,7.524894414,4.891181369
936,59179,1477.192923,590.8771693,384.0701601
937,59180,3537.599016,1415.039607,919.7757443
938,59130,5443.435244,2177.374098,1415.293163
939,59131,66.78572621,26.71429048,17.36428881
940,59207,1428.334685,571.3338739,371.3670181
941,59209,202.6457845,81.0583138,52.68790397
942,59162,2337.377928,934.9511713,607.7182614
943,59168,0.086580351,0.03463214,0.022510891
944,59118,902.6256025,361.050241,234.6826567
945,59125,1231.207225,492.48289,320.1138785
946,59126,8.909101777,3.563640711,2.316366462
947,59127,2460.647591,984.2590365,639.7683737
948,59128,15378.35274,6151.341095,3998.371712
949,59129,5535.093395,2214.037358,1439.124283
950,59071,6170.71102,2468.284408,1604.384865
951,59073,1.404952979,0.561981191,0.365287774
952,59074,105.212828,42.08513122,27.35533529
953,59075,647.1340218,258.8536087,168.2548457
954,59076,1476.360756,590.5443024,383.8537966
955,59077,5032.29515,2012.91806,1308.396739
956,59078,2950.887106,1180.354842,767.2306476
957,59079,94.02853019,37.61141207,24.44741785
958,59080,8.885229215,3.554091686,2.310159596
959,59081,25070.05202,10028.02081,6518.213525
960,59082,4536.332718,1814.533087,1179.446507
961,59083,1167.104078,466.8416312,303.4470603
962,59084,653.8003571,261.5201428,169.9880928
963,59020,549.0333978,219.6133591,142.7486834
964,59024,640.6759619,256.2703848,166.5757501
965,59025,676.897703,270.7590812,175.9934028
966,59029,1136.802427,454.7209709,295.5686311
967,59030,291.0491704,116.4196682,75.67278431
968,59033,165.4916269,66.19665075,43.02782298
969,59034,695.2031467,278.0812587,180.7528181
970,59035,179.5123507,71.80494027,46.67321118
971,59036,756.3078217,302.5231287,196.6400336
972,58982,673.2465742,269.2986297,175.0441093
973,58985,1318.741222,527.4964889,342.8727178
974,58986,1350.298216,540.1192863,351.0775361
975,58932,1984.820737,793.928295,516.0533917
976,58933,4099.307025,1639.72281,1065.819826
977,58934,244.3018802,97.72075207,63.51848885
978,58936,1675.872299,670.3489197,435.7267978
979,58937,5876.320022,2350.528009,1527.843206
980,58881,1284.463536,513.7854145,333.9605194
981,58882,536.8831785,214.7532714,139.5896264
982,58883,634.1741808,253.6696723,164.885287
983,58886,468.2217705,187.2887082,121.7376603
984,58783,1394.574606,557.8298423,362.5893975
985,58729,789.3087455,315.7234982,205.2202738
986,58730,35.12933738,14.05173495,9.133627718
987,58671,1901.092865,760.4371459,494.2841448
988,58672,140.8780451,56.35121805,36.62829173
989,58605,375.3388985,150.1355594,97.58811362
990,58541,1575.296509,630.1186037,409.5770924
991,58547,45.38715264,18.15486106,11.80065969
992,58482,1642.095845,656.8383382,426.9449198
993,58483,310.6667626,124.266705,80.77335828
994,58397,382.6041066,153.0416426,99.47706772
995,58329,256.2210845,102.4884338,66.61748197
996,58259,215.2835789,86.11343155,55.97373051
997,58026,2553.995667,1021.598267,664.0388733
998,58033,1283.868414,513.5473654,333.8057875
999,57862,556.2394249,222.49577,144.6222505
1000,57876,320.8198774,128.327951,83.41316812
1001,57877,1.277391876,0.51095675,0.332121888
1002,57769,1292.365103,516.9460413,336.0149268
1003,57770,12030.04952,4812.019806,3127.812874
1004,57771,1727.882323,691.1529291,449.2494039
1005,57782,3443.08023,1377.232092,895.2008597
1006,57783,3393.499896,1357.399958,882.3099729
1007,57666,483.6175311,193.4470124,125.7405581
1008,57667,791.0096928,316.4038771,205.6625201
1009,57668,2989.914409,1195.965764,777.3777463
1010,57669,9438.761671,3775.504668,2454.078034
1011,57670,9960.878741,3984.351496,2589.828473
1012,57677,1513.622467,605.4489868,393.5418414
1013,57678,614.7973778,245.9189511,159.8473182
1014,57681,8275.719379,3310.287752,2151.687039
1015,57682,1537.344783,614.9379131,399.7096435
1016,57559,77.8414796,31.13659184,20.23878469
1017,57560,5303.143385,2121.257354,1378.81728
1018,57572,972.5145063,389.0058025,252.8537716
1019,57448,1002.061623,400.8246492,260.536022
1020,59086,437.3072335,174.9228934,113.6998807
1021,59037,370.1914583,148.0765833,96.24977915
1022,59039,3678.369565,1471.347826,956.3760869
1023,59040,2380.71381,952.2855241,618.9855906
1024,59041,411.6485424,164.659417,107.028621
1025,58994,864.3968077,345.7587231,224.74317
1026,58995,8392.804398,3357.121759,2182.129143
1027,58942,594.1026892,237.6410757,154.4666992
1028,58943,259.042667,103.6170668,67.35109343
1029,58944,404.2744353,161.7097741,105.1113532
1030,58946,706.4299335,282.5719734,183.6717827
1031,58948,393.5967612,157.4387045,102.3351579
1032,58949,23.92643516,9.570574064,6.220873141
1033,58950,13.90887844,5.563551376,3.616308394
1034,58952,615.4140975,246.165639,160.0076653
1035,58892,30.3491409,12.13965636,7.890776635
1036,58893,196.5472199,78.61888797,51.10227718
1037,58898,343.9488336,137.5795334,89.42669673
1038,58899,185.7953339,74.31813356,48.30678682
1039,58848,157.0067585,62.8027034,40.82175721
1040,58850,467.8773336,187.1509335,121.6481067
1041,58851,419.3360308,167.7344123,109.027368
1042,58858,4634.825813,1853.930325,1205.054711
1043,58809,946.9018112,378.7607245,246.1944709
1044,95465,666.2583146,266.5033259,173.2271618
1045,58617,151.9902793,60.79611173,39.51747262
1046,58618,171.1024544,68.44098175,44.48663814
1047,58640,148.7494177,59.49976707,38.67484859
1048,58576,6511.968477,2604.787391,1693.111804
1049,58577,254.8924885,101.9569954,66.27204701
1050,58512,995.7613235,398.3045294,258.8979441
1051,58441,1524.431099,609.7724395,396.3520857
1052,58443,2881.290732,1152.516293,749.1355902
1053,58447,216.3409579,86.53638316,56.24864905
1054,58377,2.059396522,0.823758609,0.535443096
1055,58305,762.4016452,304.9606581,198.2244277
1056,58306,441.639499,176.6557996,114.8262697
1057,58309,1216.83198,486.7327921,316.3763149
1058,58310,11.20552575,4.482210301,2.913436696
1059,58221,256.0959942,102.4383977,66.5849585
1060,58233,3758.247762,1503.299105,977.1444181
1061,58234,143.8081172,57.52324689,37.39011048
1062,58237,55.05998712,22.02399485,14.31559665
1063,58238,0.548003255,0.219201302,0.142480846
1064,58159,439.5070561,175.8028224,114.2718346
1065,58160,2157.518347,863.0073387,560.9547702
1066,58161,6360.501133,2544.200453,1653.730295
1067,58162,1740.326844,696.1307375,452.4849794
1068,58163,5231.668489,2092.667395,1360.233807
1069,58070,263.6486401,105.4594561,68.54864643
1070,58073,2447.433563,978.9734251,636.3327263
1071,58074,11.65746405,4.66298562,3.030940653
1072,58075,244.9702945,97.98811781,63.69227658
1073,58076,3030.733957,1212.293583,787.9908287
1074,58079,9805.929808,3922.371923,2549.54175
1075,58080,24575.07994,9830.031977,6389.520785
1076,58081,33960.29407,13584.11763,8829.676458
1077,58082,2698.809968,1079.523987,701.6905918
1078,58083,556.6372589,222.6549036,144.7256873
1079,57989,163.9048867,65.5619547,42.61527055
1080,57990,1.723916117,0.689566447,0.44821819
1081,57992,133.8204242,53.52816966,34.79331028
1082,57993,7413.908141,2965.563256,1927.616117
1083,57994,48290.1447,19316.05788,12555.43762
1084,57995,60072.35404,24028.94162,15618.81205
1085,57996,15350.62544,6140.250176,3991.162614
1086,57899,336.8476381,134.7390553,87.58038592
1087,57902,58.11072843,23.24429137,15.10878939
1088,57903,593.233814,237.2935256,154.2407916
1089,57905,26952.32913,10780.93165,7007.605573
1090,57906,59858.53853,23943.41541,15563.22002
1091,57907,27685.28194,11074.11278,7198.173306
1092,57799,103.380848,41.35233918,26.87902047
1093,57800,1467.955875,587.1823501,381.6685276
1094,57801,5175.023793,2070.009517,1345.506186
1095,57812,9653.643969,3861.457587,2509.947432
1096,57813,16196.23608,6478.49443,4211.02138
1097,57814,25460.28123,10184.11249,6619.673121
1098,57697,227.1383442,90.85533769,59.0559695
1099,57698,1148.33618,459.3344721,298.5674069
1100,57699,1654.336526,661.7346103,430.1274967
1101,57703,700.7986444,280.3194577,182.2076475
1102,57578,458.5174066,183.4069626,119.2145257
1103,57587,1118.231467,447.292587,290.7401815
1104,57588,357.3831195,142.9532478,92.91961106
1105,57475,83.17226317,33.26890527,21.62478842
1106,57110,482.207905,192.883162,125.3740553
1107,56875,1054.863598,421.9454392,274.2645355
1108,56399,2259.123024,903.6492094,587.3719861
1109,59611,558.242169,223.2968676,145.1429639
1110,59584,3704.023637,1481.609455,963.0461457
1111,95423,2874.818488,1149.927395,747.4528069
1112,59557,3138.056566,1255.222626,815.8947071
1113,95427,23696.30736,9478.522946,6161.039915
1114,59506,1183.91077,473.5643082,307.8168003
1115,95430,688.0427408,275.2170963,178.8911126
1116,59342,25106.93648,10042.77459,6527.803485
1117,59308,54720.11238,21888.04495,14227.22922
1118,59309,25119.41312,10047.76525,6531.04741
1119,59310,2442.106134,976.8424536,634.9475948
1120,59269,2590.506406,1036.202562,673.5316654
1121,59270,38613.33969,15445.33588,10039.46832
1122,59271,45555.6422,18222.25688,11844.46697
1123,59272,8236.701139,3294.680455,2141.542296
1124,59273,1117.890785,447.1563138,290.651604
1125,59227,3352.412679,1340.965072,871.6272966
1126,59228,1353.30921,541.3236841,351.8603947
1127,59229,4489.054069,1795.621627,1167.154058
1128,59230,1855.370083,742.1480332,482.3962216
1129,59232,450.3170432,180.1268173,117.0824312
1130,59181,969.107126,387.6428504,251.9678528
1131,59182,1888.210323,755.2841292,490.934684
1132,59187,3339.232359,1335.692944,868.2004134
1133,59188,5383.697321,2153.478929,1399.761304
1134,59133,174.5259815,69.81039262,45.3767552
1135,59138,454.8648083,181.9459233,118.2648502
1136,59143,489.1898309,195.6759324,127.189356
1137,59144,433.3104277,173.3241711,112.6607112
1138,59091,41.84903588,16.73961435,10.88074933
1139,59097,1066.196384,426.4785535,277.2110598
1140,59098,693.3856721,277.3542688,180.2802747
1141,59102,926.5317355,370.6126942,240.8982512
1142,59042,439.2829891,175.7131956,114.2135772
1143,59043,18452.56966,7381.027863,4797.668111
1144,59049,4611.220564,1844.488226,1198.917347
1145,59050,5930.430285,2372.172114,1541.911874
1146,59051,26.5090952,10.60363808,6.892364751
1147,59053,291.1846881,116.4738753,75.70801891
1148,58998,298.2910981,119.3164392,77.5556855
1149,58999,835.7470888,334.2988355,217.2942431
1150,59001,840.5361707,336.2144683,218.5394044
1151,59002,5265.28905,2106.11562,1368.975153
1152,59003,6169.576641,2467.830657,1604.089927
1153,58956,534.9854844,213.9941938,139.096226
1154,58957,1575.940622,630.3762488,409.7445617
1155,58958,349.842123,139.9368492,90.95895199
1156,58906,688.4011609,275.3604643,178.9843018
1157,58908,8611.191815,3444.476726,2238.909872
1158,58909,27004.24554,10801.69822,7021.103841
1159,58910,337.8165949,135.126638,87.83231468
1160,58859,1790.228864,716.0915455,465.4595046
1161,56189,195.6311821,78.25247286,50.86410736
1162,56191,728.4757099,291.390284,189.4036846
1163,56004,13.9655213,5.586208521,3.631035539
1164,56005,1181.477003,472.5908014,307.1840209
1165,55814,458.1647794,183.2659118,119.1228426
1166,55815,1082.942604,433.1770417,281.5650771
1167,55218,480.4865037,192.1946015,124.926491
1168,54478,1685.844736,674.3378944,438.3196314
1169,54479,588.5115975,235.404639,153.0130153
1170,54192,91.44224868,36.57689947,23.77498466
1171,53904,10006.36323,4002.545291,2601.654439
1172,53905,2089.576379,835.8305516,543.2898585
1173,52664,1006.185742,402.4742968,261.6082929
1174,51998,46.37624788,18.55049915,12.05782445
1175,52012,580.797936,232.3191744,151.0074634
1176,51654,1217.815952,487.1263807,316.6321475
1177,51668,872.7683741,349.1073497,226.9197773
1178,51291,170.5830764,68.23323054,44.35159985
1179,51292,891.4388086,356.5755234,231.7740902
1180,50935,790.4174386,316.1669754,205.508534
1181,50936,694.2335548,277.6934219,180.5007242
1182,42164,876.654086,350.6616344,227.9300624
1183,46699,498.4137052,199.3654821,129.5875634
1184,96155,294.6673168,117.8669267,76.61350237
1185,39686,68.26814337,27.30725735,17.74971728
1186,53921,65.00623422,26.00249369,16.9016209
1187,53922,6.223889825,2.48955593,1.618211355
1188,53619,4880.181372,1952.072549,1268.847157
1189,53620,4807.189454,1922.875782,1249.869258
1190,53626,1049.230254,419.6921017,272.7998661
1191,53628,1022.026174,408.8104697,265.7268053
1192,53629,3262.850131,1305.140052,848.341034
1193,53321,1633.85583,653.5423318,424.8025157
1194,53322,3693.861632,1477.544653,960.4040243
1195,53325,202.7195599,81.08782397,52.70708558
1196,52361,378.7129154,151.4851662,98.46535801
1197,52364,581.1712041,232.4684817,151.1045131
1198,52013,270.158398,108.0633592,70.24118349
1199,52014,0.023626453,0.009450581,0.006142878
1200,52020,3642.070813,1456.828325,946.9384113
1201,52027,158.0124011,63.20496045,41.08322429
1202,51669,182.7875628,73.11502513,47.52476633
1203,49474,712.9805067,285.1922027,185.3749317
1204,54246,233.1102111,93.24408443,60.60865488
1205,53675,377.1868847,150.8747539,98.06859001
1206,52725,1712.08549,684.834196,445.1422274
1207,52399,875.1377803,350.0551121,227.5358229
1208,51709,187.0435094,74.81740374,48.63131243
1209,49489,219.2063279,87.68253117,56.99364526
1210,47939,2306.812387,922.7249548,599.7712206
1211,47941,87.10943943,34.84377577,22.64845425
1212,47942,517.8970485,207.1588194,134.6532326
1213,47540,2319.731685,927.8926739,603.130238
1214,47541,366.0130356,146.4052142,95.16338926
1215,47542,170.7082187,68.28328746,44.38413685
1216,47144,0.015749631,0.006299852,0.004094904
1217,46738,602.7206886,241.0882754,156.707379
1218,46336,297.191606,118.8766424,77.26981757
1219,46337,3188.195224,1275.27809,828.9307583
1220,44692,337.3907631,134.9563053,87.72159842
1221,44693,135.8355364,54.33421456,35.31723946
1222,43874,1018.760235,407.504094,264.8776611
1223,43465,1504.49604,601.7984162,391.1689705
1224,43466,5.528602913,2.211441165,1.437436757
1225,40957,649.0211456,259.6084582,168.7454978
1226,53676,446.3652001,178.54608,116.054952
1227,53370,248.966773,99.58670918,64.73136097
1228,53371,4671.112347,1868.444939,1214.48921
1229,53372,51110.99167,20444.39667,13288.85784
1230,53058,2520.555437,1008.222175,655.3444137
1231,53059,16578.35292,6631.34117,4310.37176
1232,53060,15795.37143,6318.148574,4106.796573
1233,53061,3819.083414,1527.633366,992.9616877
1234,53062,419.7891144,167.9156457,109.1451697
1235,52736,227.206213,90.8824852,59.07361538
1236,52737,5.629483053,2.251793221,1.463665594
1237,52738,791.3879917,316.5551967,205.7608779
1238,52739,691.8174949,276.726998,179.8725487
1239,52413,436.1031523,174.4412609,113.3868196
1240,52414,1104.052068,441.6208273,287.0535378
1241,52416,2637.272046,1054.908818,685.6907319
1242,52417,95.16522091,38.06608836,24.74295744
1243,52080,366.4938802,146.5975521,95.28840885
1244,51384,213.6500906,85.46003624,55.54902356
1245,51385,104.586478,41.83459121,27.19248429
1246,51028,0.602620205,0.241048082,0.156681253
1247,51029,28.88060441,11.55224176,7.508957147
1248,50662,1391.19579,556.4783159,361.7109053
1249,50665,188.340635,75.336254,48.9685651
1250,50666,14.17956953,5.671827811,3.686688077
1251,50294,149.9758944,59.99035775,38.99373254
1252,50295,878.3866681,351.3546672,228.3805337
1253,49526,649.1355658,259.6542263,168.7752471
1254,49527,919.1406969,367.6562788,238.9765812
1255,49529,215.7787027,86.31148108,56.1024627
1256,49530,487.3803283,194.9521313,126.7188854
1257,49134,370.4883929,148.1953572,96.32698215
1258,49148,35.50355411,14.20142164,9.230924068
1259,48743,416.6021182,166.6408473,108.3165507
1260,48753,1620.93446,648.373784,421.4429596
1261,48754,1403.854302,561.541721,365.0021186
1262,48351,0.197503939,0.079001575,0.051351024
1263,48352,749.5479999,299.8191999,194.88248
1264,48357,307.331158,122.9324632,79.90610107
1265,48358,31.41403124,12.56561249,8.167648121
1266,48359,487.8252527,195.1301011,126.8345657
1267,48361,405.1506566,162.0602626,105.3391707
1268,47943,325.8110516,130.3244206,84.71087341
1269,47960,4554.214775,1821.68591,1184.095842
1270,47961,976.3176756,390.5270702,253.8425957
1271,47965,669.1451844,267.6580738,173.9777479
1272,47966,27.96749203,11.18699681,7.271547927
1273,47546,623.2280002,249.2912001,162.0392801
1274,47549,2601.57215,1040.62886,676.4087589
1275,47552,1983.263202,793.3052806,515.6484324
1276,47150,7074.021121,2829.608448,1839.245491
1277,47153,7503.901473,3001.560589,1951.014383
1278,47154,22110.52637,8844.21055,5748.736857
1279,47155,3911.925205,1564.770082,1017.100553
1280,47156,2668.748288,1067.499315,693.8745549
1281,46747,562.5835323,225.0334129,146.2717184
1282,46749,762.5987392,305.0394957,198.2756722
1283,46750,509.7918535,203.9167414,132.5458819
1284,46358,719.3509195,287.7403678,187.0312391
1285,45955,339.3628479,135.7451392,88.23434045
1286,45552,70.41750777,28.16700311,18.30855202
1287,45553,343.472495,137.388998,89.3028487
1288,45146,160.8889588,64.35558353,41.83112929
1289,95993,1021.466908,408.5867631,265.581396
1290,44737,1176.297082,470.5188328,305.8372413
1291,96004,511.594292,204.6377168,133.0145159
1292,44327,9909.626543,3963.850617,2576.502901
1293,96014,652.1459479,260.8583792,169.5579465
1294,96015,771.1699555,308.4679822,200.5041884
1295,43915,369.4220539,147.7688216,96.04973402
1296,96030,1266.620051,506.6480204,329.3212133
1297,96077,535.9021991,214.3608796,139.3345718
1298,96104,289.873986,115.9495944,75.36723637
1299,40999,2167.242213,866.8968851,563.4829753
1300,96119,1806.073088,722.4292353,469.5790029
1301,96138,3520.61983,1408.247932,915.3611559
1302,58448,119.533935,47.813574,31.0788231
1303,58382,718.1024017,287.2409607,186.7066245
1304,95479,1.52241963,0.608967852,0.395829104
1305,95481,666.2374268,266.4949707,173.221731
1306,58242,0.089103604,0.035641442,0.023166937
1307,58165,724.949093,289.9796372,188.4867642
1308,58166,580.0400575,232.016023,150.8104149
1309,58168,396.6247984,158.6499194,103.1224476
1310,58169,617.9884694,247.1953878,160.6770021
1311,95488,5280.812258,2112.324903,1373.011187
1312,95489,433.5718214,173.4287286,112.7286736
1313,58084,240.3534647,96.14138587,62.49190082
1314,58089,5412.449149,2164.97966,1407.236779
1315,58090,3519.173292,1407.669317,914.985056
1316,57998,2704.466523,1081.786609,703.161296
1317,57999,504.9504111,201.9801644,131.2871069
1318,58007,709.1881489,283.6752596,184.3889187
1319,57908,2003.820223,801.5280894,520.9932581
1320,57909,633.0867956,253.2347182,164.6025669
1321,57910,83.70309067,33.48123627,21.76280357
1322,57911,1202.609977,481.0439907,312.678594
1323,57917,8.852884655,3.541153862,2.30175001
1324,57919,46.22331613,18.48932645,12.01806219
1325,57920,444.517695,177.807078,115.5746007
1326,57921,139.3915901,55.75663602,36.24181341
1327,57815,3875.208718,1550.083487,1007.554267
1328,57817,361.1195517,144.4478207,93.89108343
1329,57821,679.2354674,271.694187,176.6012215
1330,57824,3539.193925,1415.67757,920.1904205
1331,57825,8951.235614,3580.494246,2327.32126
1332,57826,24.6516388,9.86065552,6.409426088
1333,57828,263.5847271,105.4338909,68.53202906
1334,57829,13.27876373,5.311505493,3.45247857
1335,57831,422.7158295,169.0863318,109.9061157
1336,57713,4407.681644,1763.072658,1145.997228
1337,57714,3125.832,1250.3328,812.71632
1338,57715,3235.166725,1294.06669,841.1433485
1339,57716,473.1470286,189.2588114,123.0182274
1340,57724,5607.774019,2243.109608,1458.021245
1341,57725,9885.696735,3954.278694,2570.281151
1342,57726,1393.466611,557.3866445,362.3013189
1343,57727,1431.129776,572.4519102,372.0937416
1344,57728,1222.473048,488.9892192,317.8429925
1345,57730,1606.658265,642.6633061,417.731149
1346,57733,257.6561718,103.0624687,66.99060467
1347,57606,253.4155152,101.3662061,65.88803395
1348,57607,359.490623,143.7962492,93.46756198
1349,57608,124.2302143,49.69208572,32.29985572
1350,57609,267.9898285,107.1959314,69.67735541
1351,57610,536.3900316,214.5560126,139.4614082
1352,57613,1224.992379,489.9969518,318.4980187
1353,57614,4210.866282,1684.346513,1094.825233
1354,57615,18333.73771,7333.495084,4766.771805
1355,57616,48549.02488,19419.60995,12622.74647
1356,57617,9259.683072,3703.873229,2407.517599
1357,57618,17365.73465,6946.293859,4515.091008
1358,57619,1712.026969,684.8107875,445.1270119
1359,57621,138.7050447,55.48201789,36.06331163
1360,57622,2980.489851,1192.19594,774.9273612
1361,57623,366.4654806,146.5861922,95.28102496
1362,57624,539.4983755,215.7993502,140.2695776
1363,95504,123.7791733,49.51166931,32.18258505
1364,57495,447.4592356,178.9836942,116.3394012
1365,57498,3044.333169,1217.733268,791.5266241
1366,57499,790.0376316,316.0150526,205.4097842
1367,57503,6974.241694,2789.696678,1813.302841
1368,57504,38452.4886,15380.99544,9997.647035
1369,57505,54376.59663,21750.63865,14137.91512
1370,57506,33908.98508,13563.59403,8816.336121
1371,57507,48570.6612,19428.26448,12628.37191
1372,57508,8907.134407,3562.853763,2315.854946
1373,57509,17774.46167,7109.784669,4621.360035
1374,57510,8419.541086,3367.816434,2189.080682
1375,57511,1.12494E-05,4.49976E-06,2.92484E-06
1376,57512,2350.06391,940.0255638,611.0166165
1377,57513,561.6359179,224.6543671,146.0253386
1378,57514,3386.213778,1354.485511,880.4155823
1379,57519,308.9069987,123.5627995,80.31581967
1380,57386,3360.796124,1344.318449,873.8069921
1381,57387,25.97042111,10.38816844,6.752309487
1382,57388,117.1513401,46.86053603,30.45934842
1383,57389,2889.897321,1155.958928,751.3733034
1384,57390,66707.80146,26683.12058,17344.02838
1385,57391,89294.77216,35717.90886,23216.64076
1386,57392,94372.66014,37749.06406,24536.89164
1387,57393,64145.87409,25658.34964,16677.92726
1388,57394,43871.19742,17548.47897,11406.51133
1389,57395,25892.39833,10356.95933,6732.023566
1390,57396,3046.945486,1218.778195,792.2058264
1391,57397,125.9343571,50.37374282,32.74293283
1392,57398,557.701031,223.0804124,145.002268
1393,57399,97.84501978,39.13800791,25.43970514
1394,57400,1540.988467,616.3953866,400.6570013
1395,57407,851.8300533,340.7320213,221.4758139
1396,57271,442.2930479,176.9172191,114.9961924
1397,57272,3320.196499,1328.078599,863.2510896
1398,57273,15497.59204,6199.036817,4029.373931
1399,57274,63427.92411,25371.16965,16491.26027
1400,57275,74101.80252,29640.72101,19266.46866
1401,57276,88524.36899,35409.7476,23016.33594
1402,57277,72051.89023,28820.75609,18733.49146
1403,57278,38446.46981,15378.58793,9996.082151
1404,57279,12082.35944,4832.943777,3141.413455
1405,57280,800.473822,320.1895288,208.1231937
1406,57281,1573.04406,629.2176241,408.9914556
1407,57282,380.5524243,152.2209697,98.94363031
1408,57283,19056.63793,7622.655173,4954.725862
1409,57284,875.2057955,350.0823182,227.5535068
1410,57285,1037.148249,414.8592995,269.6585447
1411,57287,14.41465463,5.765861851,3.747810203
1412,57288,6364.425736,2545.770294,1654.750691
1413,57291,1262.562932,505.025173,328.2663624
1414,57149,201.8092012,80.72368047,52.4703923
1415,57150,23455.50659,9382.202636,6098.431714
1416,57151,10887.86624,4355.146496,2830.845222
1417,57152,15680.41921,6272.167685,4076.908995
1418,57153,38183.05974,15273.22389,9927.595531
1419,57154,54962.24944,21984.89978,14290.18486
1420,57155,23127.94647,9251.178588,6013.266082
1421,57156,13898.68671,5559.474685,3613.658545
1422,57157,12059.76513,4823.906053,3135.538934
1423,57158,705.1629351,282.065174,183.3423631
1424,57159,1387.583388,555.0333554,360.771681
1425,57160,79.81009836,31.92403934,20.75062557
1426,57161,1790.539665,716.2158661,465.540313
1427,57162,135.2508327,54.10033309,35.16521651
1428,57166,815.0272216,326.0108887,211.9070776
1429,57167,6746.028749,2698.4115,1753.967475
1430,57022,2262.112971,904.8451883,588.1493724
1431,57023,3639.173775,1455.66951,946.1851815
1432,57024,826.3827126,330.553085,214.8595053
1433,57025,11645.19885,4658.079542,3027.751702
1434,57026,32566.77142,13026.70857,8467.360568
1435,57027,26639.89769,10655.95908,6926.3734
1436,57028,17299.67926,6919.871705,4497.916608
1437,57031,3933.998323,1573.599329,1022.839564
1438,57032,13170.7733,5268.309319,3424.401057
1439,57035,303.4007956,121.3603182,78.88420686
1440,57037,641.6426867,256.6570747,166.8270985
1441,57039,1601.268282,640.5073127,416.3297533
1442,57040,33502.05677,13400.82271,8710.534759
1443,57041,7036.382895,2814.553158,1829.459553
1444,56886,604.6799836,241.8719935,157.2167957
1445,56888,815.9060071,326.3624028,212.1355619
1446,56889,2367.60709,947.042836,615.5778434
1447,56890,1563.200773,625.2803092,406.432201
1448,56891,173.3449921,69.33799682,45.06969794
1449,56893,1254.634351,501.8537404,326.2049313
1450,56894,460.4975196,184.1990078,119.7293551
1451,56895,6190.191397,2476.076559,1609.449763
1452,56896,5130.370353,2052.148141,1333.896292
1453,56901,562.2874949,224.914998,146.1947487
1454,56902,1441.297806,576.5191224,374.7374296
1455,56903,253.9594943,101.5837977,66.02946852
1456,56907,126.9391524,50.77566096,33.00417962
1457,56908,2716.150061,1086.460024,706.1990159
1458,56909,1156.864113,462.745645,300.7846693
1459,56910,473.1114591,189.2445836,123.0089794
1460,56739,1124.636696,449.8546785,292.405541
1461,56741,8.401756053,3.360702421,2.184456574
1462,56746,877.1198804,350.8479521,228.0511689
1463,56747,681.5317157,272.6126863,177.1982461
1464,56748,2008.186841,803.2747366,522.1285788
1465,56749,3570.0682,1428.02728,928.2177319
1466,56750,2387.431482,954.972593,620.7321854
1467,56758,517.8284353,207.1313741,134.6353932
1468,56759,523.115394,209.2461576,136.0100024
1469,56760,1616.634068,646.6536273,420.3248578
1470,56763,1021.533272,408.6133088,265.5986507
1471,56575,342.8311411,137.1324564,89.13609669
1472,56576,2.122161387,0.848864555,0.551761961
1473,56583,311.5989841,124.6395936,81.01573586
1474,56584,984.2520797,393.7008319,255.9055407
1475,56585,3781.271138,1512.508455,983.1304959
1476,56586,12133.59031,4853.436124,3154.733481
1477,56587,321.3392652,128.5357061,83.54820896
1478,56588,2971.554081,1188.621632,772.604061
1479,56593,3234.267299,1293.70692,840.9094978
1480,56594,2608.405997,1043.362399,678.1855592
1481,56409,241.7542704,96.70170814,62.85611029
1482,56415,539.2442627,215.6977051,140.2035083
1483,56416,55.08972099,22.0358884,14.32332746
1484,56417,1274.034749,509.6138996,331.2490347
1485,56418,8778.204196,3511.281678,2282.333091
1486,56419,208.0938906,83.23755624,54.10441155
1487,56423,13966.87125,5586.748499,3631.386524
1488,56424,5842.262019,2336.904808,1518.988125
1489,56426,208.7033359,83.48133437,54.26286734
1490,56427,453.0533795,181.2213518,117.7938787
1491,56428,1471.285466,588.5141864,382.5342212
1492,56436,382.9105798,153.1642319,99.55675076
1493,56232,35.60363038,14.24145215,9.2569439
1494,56238,513.7028901,205.481156,133.5627514
1495,56243,340.9984262,136.3993705,88.65959081
1496,56247,425.1518473,170.0607389,110.5394803
1497,56249,262.2713132,104.9085253,68.19054142
1498,56250,0.143224075,0.05728963,0.037238259
1499,56259,1437.220423,574.8881691,373.6773099
1500,56038,473.7266156,189.4906463,123.1689201
1501,56054,598.9986721,239.5994688,155.7396547
1502,56057,547.9868791,219.1947517,142.4765886
1503,56062,392.703956,157.0815824,102.1030286
1504,56063,0.140734014,0.056293606,0.036590844
1505,56065,182.8063979,73.12255918,47.52966346
1506,56066,1121.265453,448.5061811,291.5290177
1507,55867,173.1665997,69.26663989,45.02331593
1508,55868,1408.910928,563.5643714,366.3168414
1509,55870,1655.569237,662.2276947,430.4480015
1510,55872,78.08091093,31.23236437,20.30103684
1511,55875,5900.945086,2360.378034,1534.245722
1512,55876,8965.560694,3586.224278,2331.045781
1513,55880,419.8022334,167.9208934,109.1485807
1514,55881,212.1948394,84.87793576,55.17065824
1515,55668,336.0624179,134.4249672,87.37622867
1516,55669,13.41922955,5.367691821,3.488999684
1517,55672,917.7035484,367.0814194,238.6029226
1518,55673,14952.89929,5981.159716,3887.753816
1519,55674,422.6612306,169.0644922,109.8919199
1520,55677,383.6740336,153.4696134,99.75524874
1521,55679,1537.677436,615.0709742,399.7961333
1522,55683,1015.921406,406.3685623,264.1395655
1523,55689,509.0420903,203.6168361,132.3509435
1524,55463,269.9314039,107.9725616,70.18216502
1525,55469,18.28239755,7.312959019,4.753423362
1526,55472,229.2766812,91.71067248,59.61193711
1527,55473,829.8064067,331.9225627,215.7496657
1528,55474,25100.92876,10040.3715,6526.241478
1529,55475,542.586025,217.03441,141.0723665
1530,55480,2303.448107,921.3792428,598.8965078
1531,55484,4897.609105,1959.043642,1273.378367
1532,55485,3.079605782,1.231842313,0.800697503
1533,55487,171.2326058,68.49304232,44.52047751
1534,55489,534.6845385,213.8738154,139.01798
1535,55490,41.40989483,16.56395793,10.76657266
1536,55274,6213.745359,2485.498144,1615.573793
1537,55275,227.482343,90.99293721,59.14540919
1538,55278,540.6652449,216.266098,140.5729637
1539,55289,286.6838511,114.6735404,74.53780129
1540,55292,11.20707906,4.482831624,2.913840556
1541,55048,4947.533479,1979.013392,1286.358704
1542,55049,57.52549713,23.01019885,14.95662925
1543,55061,575.5819502,230.2327801,149.6513071
1544,55063,7.258701368,2.903480547,1.887262356
1545,55064,2514.526246,1005.810498,653.7768239
1546,55065,7675.609338,3070.243735,1995.658428
1547,55066,473.2933264,189.3173305,123.0562649
1548,54800,155.5531374,62.22125495,40.44381572
1549,54813,603.2119812,241.2847925,156.8351151
1550,54814,1026.047166,410.4188665,266.7722633
1551,54815,412.5185892,165.0074357,107.2548332
1552,54817,741.9957795,296.7983118,192.9189027
1553,54537,456.9368398,182.7747359,118.8035784
1554,54540,271.2654713,108.5061885,70.52902253
1555,54541,348.3358238,139.3343295,90.56731418
1556,54543,423.0616216,169.2246486,109.9960216
1557,54544,576.4614769,230.5845908,149.879984
1558,54545,272.3984183,108.9593673,70.82358876
1559,54546,25.77241765,10.30896706,6.700828589
1560,54549,3364.791465,1345.916586,874.8457809
1561,54550,449.7768861,179.9107544,116.9419904
1562,54261,305.7956605,122.3182642,79.50687173
1563,54266,837.6277304,335.0510922,217.7832099
1564,54267,2782.907716,1113.163086,723.5560062
1565,54268,33.15973995,13.26389598,8.621532388
1566,54269,1587.096249,634.8384998,412.6450248
1567,54270,410.5505919,164.2202367,106.7431539
1568,54271,922.1949419,368.8779767,239.7706849
1569,54272,396.8427884,158.7371154,103.179125
1570,54273,854.5457314,341.8182926,222.1818902
1571,54277,443.9024244,177.5609697,115.4146303
1572,53978,489.5252461,195.8100984,127.276564
1573,53979,2120.37659,848.1506362,551.2979135
1574,53980,820.7161894,328.2864757,213.3862092
1575,53981,6757.261204,2702.904481,1756.887913
1576,53982,21018.16177,8407.264706,5464.722059
1577,53983,1473.951121,589.5804484,383.2272915
1578,53985,1489.848368,595.939347,387.3605756
1579,53986,197.66154,79.06461601,51.3920004
1580,53990,361.3990731,144.5596292,93.96375901
1581,53677,1286.857858,514.7431433,334.5830431
1582,53679,34138.28878,13655.31551,8875.955083
1583,53680,40673.0707,16269.22828,10574.99838
1584,53681,11004.39164,4401.756655,2861.141826
1585,53682,625.6653882,250.2661553,162.6730009
1586,53683,50.00202376,20.0008095,13.00052618
1587,53685,410.6851344,164.2740537,106.7781349
1588,53373,47606.08499,19042.434,12377.5821
1589,53374,11725.03018,4690.012072,3048.507847
1590,53375,752.4927268,300.9970907,195.648109
1591,53063,3.373303805,1.349321522,0.877058989
1592,53064,321.570437,128.6281748,83.60831362
1593,35677,297.3443776,118.937751,77.30953818
1594,35678,2.395308383,0.958123353,0.62278018
1595,29126,47.76936211,19.10774484,12.42003415
1596,29590,528.8725233,211.5490093,137.5068561
1597,8158,270.6929588,108.2771835,70.38016929
1598,4004,409.8119817,163.9247927,106.5511152
1599,4005,1.02915745,0.41166298,0.267580937
1600,23094,917.7830823,367.1132329,238.6236014
1601,22652,77.6002119,31.04008476,20.17605509
1602,22653,1097.142069,438.8568275,285.2569379
1603,22219,248.0708569,99.22834274,64.49842278
1604,22220,1909.968402,763.9873607,496.5917845
1605,13541,719.5765165,287.8306066,187.0898943
1606,13542,1339.422889,535.7691556,348.2499511
1607,95534,1339.897225,535.9588902,348.3732786
1608,57046,306.5570731,122.6228292,79.704839
1609,56915,496.6650349,198.6660139,129.1329091
1610,56776,57.30373859,22.92149544,14.89897203
1611,56777,349.4760936,139.7904374,90.86378434
1612,55901,661.7798944,264.7119578,172.0627725
1613,55493,103.2663947,41.30655788,26.84926262
1614,55494,302.1375755,120.8550302,78.55576964
1615,95628,246.5576666,98.62306663,64.10499331
1616,95630,466.5736225,186.629449,121.3091418
1617,95634,100.2864263,40.11457051,26.07447083
1618,55295,12.38447988,4.953791952,3.219964769
1619,55071,813.9360912,325.5744365,211.6233837
1620,55084,733.9237588,293.5695035,190.8201773
1621,54291,322.5696547,129.0278619,83.86811021
1622,54005,4624.669498,1849.867799,1202.414069
1623,54006,9129.254128,3651.701651,2373.606073
1624,95685,2248.036545,899.214618,584.4895017
1625,54008,400.89617,160.358468,104.2330042
1626,54009,364.8899352,145.9559741,94.87138316
1627,53705,819.8116071,327.9246428,213.1510178
1628,53706,4923.855812,1969.542325,1280.202511
1629,53710,2049.157409,819.6629638,532.7809265
1630,53397,2892.415512,1156.966205,752.0280332
1631,53398,3505.939939,1402.375976,911.5443841
1632,53403,576.1652015,230.4660806,149.8029524
1633,53404,0.401282348,0.160512939,0.104333411
1634,53085,744.7652801,297.906112,193.6389728
1635,53090,652.8144027,261.1257611,169.7317447
1636,52749,184.9776723,73.99106891,48.09419479
1637,52756,428.3204257,171.3281703,111.3633107
1638,52758,397.5194195,159.0077678,103.3550491
1639,52764,311.4148758,124.5659503,80.9678677
1640,52771,249.3508206,99.74032825,64.83121336
1641,52423,1195.329253,478.1317011,310.7856057
1642,52429,291.8001161,116.7200464,75.86803019
1643,52430,8011.886618,3204.754647,2083.090521
1644,52431,6896.851203,2758.740481,1793.181313
1645,52432,3975.15166,1590.060664,1033.539432
1646,52094,4364.234563,1745.693825,1134.700986
1647,52095,1916.969464,766.7877854,498.4120605
1648,52103,462.9026998,185.1610799,120.354702
1649,52104,841.9164974,336.766599,218.8982893
1650,51760,107.3466203,42.93864812,27.91012128
1651,51761,302.393933,120.9575732,78.62242257
1652,50322,307.1621052,122.8648421,79.86214736
1653,50323,194.5022418,77.80089673,50.57058287
1654,49945,3213.372735,1285.349094,835.4769111
1655,49946,16445.66229,6578.264916,4275.872195
1656,49947,1946.772292,778.7089168,506.1607959
1657,49560,1058.997859,423.5991436,275.3394433
1658,49561,11338.16284,4535.265136,2947.922338
1659,49562,5643.246998,2257.298799,1467.244219
1660,49176,626.865941,250.7463764,162.9851447
1661,48782,378.284762,151.3139048,98.35403811
1662,95842,1367.087486,546.8349943,355.4427463
1663,48391,205.5649679,82.22598714,53.44689164
1664,47997,316.6526904,126.6610761,82.3296995
1665,95867,233.6991983,93.47967932,60.76179156
1666,55085,1975.302508,790.1210032,513.5786521
1667,54837,502.5618139,201.0247256,130.6660716
1668,95665,99.70786416,39.88314566,25.92404468
1669,54301,253.23337,101.293348,65.84067619
1670,95689,436.9913938,174.7965575,113.6177624
1671,53719,407.6675273,163.0670109,105.9935571
1672,53720,3508.456206,1403.382482,912.1986134
1673,53721,8741.678215,3496.671286,2272.836336
1674,53722,872.0402882,348.8161153,226.7304749
1675,53411,357.8400615,143.1360246,93.03841599
1676,53412,14416.11999,5766.447997,3748.191198
1677,95703,31885.82624,12754.3305,8290.314823
1678,53413,18682.65461,7473.061845,4857.490199
1679,53091,4031.24366,1612.497464,1048.123352
1680,53092,10.07136271,4.028545085,2.618554305
1681,53093,548.0688658,219.2275463,142.4979051
1682,53094,1052.324449,420.9297798,273.6043569
1683,53097,7193.659653,2877.463861,1870.35151
1684,53098,24510.11639,9804.046558,6372.630263
1685,53099,2572.949485,1029.179794,668.9668661
1686,53100,2555.923559,1022.369424,664.5401254
1687,52772,811.0863096,324.4345238,210.8824405
1688,95724,907.0814922,362.8325969,235.841188
1689,52773,484.4439589,193.7775836,125.9554293
1690,52778,3138.897243,1255.558897,816.1132833
1691,52450,1804.495633,721.7982532,469.1688646
1692,52116,463.6657866,185.4663147,120.5531045
1693,51067,7.835257765,3.134103106,2.037167019
1694,50700,851.3382904,340.5353162,221.3479555
1695,50707,7591.507395,3036.602958,1973.791923
1696,50328,1001.851464,400.7405856,260.4813806
1697,50337,107.8777498,43.15109991,28.04821494
1698,49950,929.4770609,371.7908243,241.6640358
1699,49951,2055.070432,822.028173,534.3183124
1700,49952,19.6139157,7.845566281,5.099618082
1701,49189,5132.258251,2052.903301,1334.387145
1702,49190,247.7385088,99.09540353,64.4120123
1703,48790,706.0379401,282.415176,183.5698644
1704,48791,914.6892161,365.8756864,237.8191962
1705,48002,1681.353567,672.5414268,437.1519274
1706,95901,2251.231402,900.4925606,585.3201644
1707,47203,2287.148449,914.8593796,594.6585967
1708,47207,1955.893061,782.3572246,508.532196
1709,95902,8710.083692,3484.033477,2264.62176
1710,95903,35.42632508,14.17053003,9.210844521
1711,47213,933.572875,373.42915,242.7289475
1712,46800,473.8580875,189.543235,123.2031028
1713,46804,898.3058083,359.3223233,233.5595102
1714,46805,4877.844979,1951.137992,1268.239695
1715,46808,168.704465,67.48178599,43.86316089
1716,46809,334.0822459,133.6328984,86.86138395
1717,95997,14.34614893,5.738459573,3.729998722
1718,44769,325.2053601,130.082144,84.55339362
1719,44355,1.356309688,0.542523875,0.352640519
1720,95824,860.0303786,344.0121514,223.6078984
1721,95831,319.5715642,127.8286257,83.08860669
1722,49150,379.5789727,151.8315891,98.69053289
1723,47180,299.9077225,119.963089,77.97600786
1724,47181,380.881291,152.3525164,99.02913566
1725,47195,990.5130024,396.205201,257.5333806
1726,47196,544.2031107,217.6812443,141.4928088
1727,46790,148.5099811,59.40399243,38.61259508
1728,46791,1797.217154,718.8868616,467.27646
1729,44760,1747.508199,699.0032795,454.3521317
1730,44341,2542.426916,1016.970766,661.0309982
1731,44342,221.5935891,88.63743563,57.61433316
1732,44349,1086.02525,434.4100998,282.3665649
1733,96005,678.6913969,271.4765587,176.4597632
1734,44354,74.0078572,29.60314288,19.24204287
1735,96006,307.6341089,123.0536436,79.98486831
1736,43928,38.58910444,15.43564178,10.03316715
1737,96016,277.3551937,110.9420775,72.11235036
1738,96017,778.9887256,311.5954902,202.5370687
1739,43938,233.3599706,93.34398826,60.67359237
1740,96019,220.7091911,88.28367643,57.38438968
1741,43507,775.2422447,310.0968979,201.5629836
1742,43514,308.9230753,123.5692301,80.31999957
1743,43521,527.5312924,211.012517,137.158136
1744,96047,125.4665391,50.18661565,32.62130018
1745,43096,1437.991177,575.1964708,373.877706
1746,43098,3.507431911,1.402972765,0.911932297
1747,43107,355.278223,142.1112892,92.37233797
1748,43109,769.1095381,307.6438152,199.9684799
1749,43110,18.08004389,7.232017555,4.700811411
1750,96049,520.6461612,208.2584645,135.3680019
1751,42690,242.0753197,96.83012788,62.93958312
1752,96058,516.0056709,206.4022684,134.1614744
1753,96060,430.1748893,172.0699557,111.8454712
1754,96062,39.52530144,15.81012058,10.27657837
1755,96063,53.564148,21.4256592,13.92667848
1756,96064,63.76795297,25.50718119,16.57966777
1757,42268,47.44336383,18.97734553,12.3352746
1758,96093,15.58950801,6.235803204,4.053272083
1759,41833,1251.792052,500.7168209,325.4659336
1760,96106,2010.690855,804.276342,522.7796223
1761,40195,527.0023515,210.8009406,137.0206114
1762,40196,71.61415691,28.64566276,18.6196808
1763,96171,52.60511304,21.04204521,13.67732939
1764,39769,75.10252256,30.04100902,19.52665587
1765,39786,351.9727212,140.7890885,91.51290751
1766,96187,81.45101149,32.5804046,21.17726299
1767,39357,808.9262342,323.5704937,210.3208209
1768,96203,144.9153749,57.96614997,37.67799748
1769,38146,809.4879132,323.7951653,210.4668574
1770,96303,78.63523913,31.45409565,20.44516217
1771,35767,1917.959857,767.1839428,498.6695628
1772,35768,58.1211435,23.2484574,15.11149731
1773,34543,1664.061977,665.624791,432.6561141
1774,34544,6387.312953,2554.925181,1660.701368
1775,96355,361.9631242,144.7852497,94.1104123
1776,96523,1002.362516,400.9450064,260.6142541
1777,96305,955.3400572,382.1360229,248.3884149
1778,33717,272.4288024,108.971521,70.83148864
1779,31065,1093.735706,437.4942825,284.3712836
1780,96529,1103.189586,441.2758344,286.8292924
1781,96639,347.1506652,138.8602661,90.25917294
1782,28307,4762.63353,1905.053412,1238.284718
1783,28308,2050.228242,820.0912967,533.0593428
1784,27367,868.6330583,347.4532233,225.8445952
1785,26413,1067.387792,426.9551167,277.5208258
1786,26414,220.6718368,88.26873473,57.37467757
1787,22724,588.860858,235.5443432,153.1038231
1788,14734,607.0624227,242.8249691,157.8362299
1789,32843,773.1655449,309.266218,201.0230417
1790,31528,851.6941617,340.6776647,221.4404821
1791,96619,192.7042149,77.08168596,50.10309587
1792,28811,188.2614653,75.30458612,48.94798098
1793,25003,995.7855503,398.3142201,258.9042431
1794,24522,3336.53835,1334.61534,867.4999711
1795,96775,923.4404481,369.3761792,240.0945165
1796,24064,690.4633871,276.1853548,179.5204806
1797,23615,165.737111,66.2948444,43.09164886
1798,23616,279.5365705,111.8146282,72.67950832
1799,23170,64.6668874,25.86675496,16.81339072
1800,23171,521.2932454,208.5172982,135.5362438
1801,22730,0.27667217,0.110668868,0.071934764
1802,22731,78.1471516,31.25886064,20.31825942
1803,22736,1003.289165,401.3156658,260.8551828
1804,22737,710.526105,284.210442,184.7367873
1805,22296,485.5576884,194.2230754,126.244999
1806,22300,1106.466612,442.586645,287.6813192
1807,22301,638.6827383,255.4730953,166.057512
1808,21869,27.54613451,11.0184538,7.161994971
1809,95982,6.393913128,2.557565251,1.662417413
1810,44774,1.169317844,0.467727138,0.304022639
1811,95998,458.914354,183.5657416,119.317732
1812,43945,180.1126634,72.04506536,46.82929248
1813,43946,367.4955091,146.9982036,95.54883237
1814,43532,1725.953108,690.3812433,448.7478082
1815,43533,5884.257886,2353.703154,1529.90705
1816,43117,364.7981288,145.9192515,94.84751349
1817,96050,3754.824878,1501.929951,976.2544682
1818,43118,1598.842843,639.5371372,415.6991392
1819,43119,338.4959477,135.3983791,88.00894641
1820,96069,24.57512738,9.830050952,6.389533119
1821,96070,2813.188447,1125.275379,731.4289962
1822,42699,3869.281133,1547.712453,1006.013095
1823,3088,203.641204,81.45648159,52.94671303
1824,65710,22.05343493,8.821373972,5.733893082
1825,98256,168.7425593,67.49702371,43.87306541
1826,99200,1873.657494,749.4629975,487.1509484
1827,99201,397.083082,158.8332328,103.2416013
1828,25967,232.8392656,93.13570623,60.53820905
1829,25968,1948.18894,779.2755759,506.5291243
1830,25969,5930.249105,2372.099642,1541.864767
1831,25487,1042.378569,416.9514276,271.0184279
1832,96726,708.178439,283.2713756,184.1263941
1833,96728,9222.919415,3689.167766,2397.959048
1834,25488,17072.02627,6828.810506,4438.726829
1835,25489,4265.242635,1706.097054,1108.963085
1836,25007,302.6842582,121.0737033,78.69790714
1837,96757,96.50744551,38.6029782,25.09193583
1838,96758,1425.597981,570.2391922,370.6554749
1839,25008,18216.15416,7286.461664,4736.200082
1840,96759,2525.801711,1010.320684,656.7084449
1841,24542,4501.195723,1800.478289,1170.310888
1842,96911,343.4493744,137.3797498,89.29683734
1843,96933,477.6589799,191.063592,124.1913348
